sample,operons,ORFs,genes,has_phylum,has_COG,has_both,hit_sites,hit_operons,hit_ORFs,hit_genes,hit_has_phylum,hit_has_COG,hit_has_both
MH0001,15420,21452,4068,1028,2926,857,1801,1297,1957,561,122,430,106
MH0002,52286,75001,17031,5712,11687,4801,7107,5060,7533,2285,753,1554,652
MH0003,81245,112517,23099,10441,17086,8900,10127,7167,10188,3092,1534,2345,1322
MH0004,25200,35007,8522,3460,6262,3086,3419,2412,3515,1465,628,1089,578
MH0005,16889,23163,4810,2063,3741,1815,2081,1447,2093,685,300,559,270
MH0006,157129,218389,54182,10071,38693,8698,18615,13188,19005,6630,1361,4837,1186
MH0007,32352,43754,3836,714,2255,529,3020,2173,3032,368,75,183,52
MH0008,33482,46606,6215,3434,4694,3072,3951,2787,4120,601,261,420,239
MH0009,54038,73663,15878,2147,10139,1692,6505,4596,6334,1964,254,1275,209
MH0010,32161,44849,4983,2535,3762,2109,4438,3070,4491,672,337,522,289
MH0011,74891,102407,23580,4236,17009,3634,10125,7149,9990,3567,563,2653,513
MH0012,161351,233510,60790,7051,42688,6068,20420,14337,21797,7263,929,5229,821
MH0013,26923,38417,8259,1495,5192,1320,3368,2378,3628,1215,300,769,268
MH0014,84343,116390,12196,4439,8298,3877,9812,6931,9734,1509,545,1053,488
MH0015,31501,41879,2727,593,1753,433,2820,2039,2715,153,39,91,30
MH0016,63167,85060,10661,3601,7666,3137,8466,5933,8011,1544,573,1187,523
MH0017,30746,42181,3082,964,1777,716,3190,2276,3250,299,63,166,43
MH0018,14756,19759,2542,724,1481,569,1937,1369,1922,331,84,209,67
MH0019,30865,42685,2361,899,1379,680,3687,2649,3769,251,100,156,81
MH0020,52079,71891,6901,3274,4858,2583,7961,5498,7794,1102,512,778,411
MH0021,49680,65856,5748,900,3249,618,6678,4548,6125,947,123,553,82
MH0022,19406,26084,2844,253,1688,167,2129,1520,2110,384,25,252,16
MH0023,23337,31730,3590,689,2008,529,2474,1770,2447,481,86,276,77
MH0024,28929,40258,4114,617,2315,439,4403,3003,4362,673,93,412,78
MH0025,66093,86220,11188,3250,7133,2704,7573,5303,6875,1248,348,796,290
MH0026,44156,62183,7378,1490,4639,1212,6174,4386,6363,1072,232,734,203
MH0027,21878,28103,1046,335,546,242,1846,1308,1696,71,21,35,14
MH0028,66036,90516,8382,1013,4714,741,9051,6261,8793,1094,94,636,76
MH0030,34272,48252,9439,925,5616,768,5133,3566,5185,1463,107,915,91
MH0031,31713,42969,9940,1684,5840,1449,3908,2742,3913,1104,198,666,179
MH0032,28956,37134,2331,326,1221,220,3236,2268,2862,248,32,140,20
MH0033,53774,73265,4626,630,2373,421,7449,5205,7285,724,81,381,58
MH0034,7912,10507,1123,135,489,96,1206,835,1109,147,16,71,10
MH0035,49522,69862,11643,1034,7502,748,7377,5136,7471,1770,161,1208,120
MH0036,40469,54887,4475,801,2566,523,5149,3600,4877,550,94,326,60
MH0037,41095,56354,8627,2371,5643,2007,5471,3809,5398,1013,344,697,313
MH0038,42957,58875,6957,1433,4389,1132,6432,4345,6156,1156,207,794,169
MH0039,49450,65242,3913,1125,2108,888,6530,4477,6089,476,151,265,124
MH0040,60987,83718,10030,1444,6021,1090,7353,5136,7066,880,143,519,100
MH0041,53365,74689,7438,2457,4936,2043,7787,5427,7899,977,332,651,287
MH0042,32913,42311,2295,324,887,191,3913,2755,3456,249,32,89,19
MH0043,53402,71890,6002,560,3167,355,7519,5239,7051,844,58,474,44
MH0044,55502,75501,6709,1267,4114,984,6717,4732,6380,728,154,470,121
MH0045,40549,56742,4028,985,2550,725,5851,4101,5893,560,125,369,96
MH0046,40445,52721,6763,1585,4392,1282,5256,3624,4746,1007,241,697,203
MH0047,29241,41058,13666,1652,9733,1337,4628,3260,4788,1997,284,1391,231
MH0048,34568,45320,2779,349,1077,196,4370,3096,4077,376,43,139,24
MH0049,31470,44519,2556,456,1148,329,4581,3233,4623,306,34,136,25
MH0050,57642,77380,6981,963,4165,738,7414,5215,7249,922,142,619,121
MH0051,42766,54886,3004,798,1521,550,4532,3211,4076,341,93,188,67
MH0052,54640,71654,8102,1505,4689,1236,5465,3841,4990,834,169,486,145
MH0053,53299,74270,16418,938,10602,717,6493,4603,6442,1943,74,1258,51
MH0054,57809,81652,10865,1835,7233,1486,7259,5075,7439,1303,243,901,203
MH0055,53714,73013,14328,3737,10303,3278,7786,5361,7347,1974,572,1524,518
MH0056,37998,49466,2863,539,1353,369,4482,3116,4008,292,47,137,33
MH0057,32985,46280,8515,2569,6642,2177,5323,3711,5326,1426,470,1138,402
MH0058,57758,78008,4094,1343,2346,1059,7954,5585,7801,598,210,373,177
MH0059,77479,104728,7692,1318,4047,945,9414,6608,8937,874,116,436,79
MH0060,53902,74427,7134,1426,4593,1127,6031,4331,5905,640,114,394,89
MH0061,41458,57514,4421,1295,2596,993,6255,4351,6185,588,211,384,183
MH0062,53286,75039,6643,1478,4164,1112,6767,4795,7013,605,132,360,96
MH0063,39699,53112,5803,646,2912,482,4923,3489,4850,710,66,354,47
MH0064,37642,50052,4289,368,2540,238,5218,3652,4849,690,44,432,28
MH0065,35376,47208,8593,334,4538,234,4835,3369,4749,1469,34,845,28
MH0066,53205,71504,7661,1071,4449,842,5833,4174,5703,739,95,445,74
MH0067,54464,74395,5004,1191,2930,899,8806,6077,8437,782,163,489,122
MH0068,42798,59108,4470,1836,3080,1593,6204,4279,6246,647,299,460,264
MH0069,62107,89422,12393,3648,8412,3067,8982,6186,9437,1753,511,1234,457
MH0070,57233,75433,6819,1445,3731,1192,7160,4966,6580,801,175,464,153
MH0071,50221,68268,5584,1260,3420,941,6826,4803,6411,561,154,354,119
MH0072,18865,24149,718,294,378,184,2418,1676,2120,77,30,41,20
MH0073,40190,56642,2971,1146,1761,887,6457,4513,6557,456,159,276,133
MH0074,48317,66666,4750,1736,3108,1411,6792,4753,6731,699,278,488,237
MH0075,51398,68856,3243,477,1506,315,6377,4430,6016,336,47,169,34
MH0076,49153,67899,4366,588,1929,405,6549,4557,6465,604,65,261,50
MH0077,51515,73550,13598,1096,8304,800,7209,5045,7561,1620,107,914,70
MH0078,24208,32384,2475,380,1099,261,3176,2209,2962,335,49,143,32
MH0079,38461,53430,11044,1001,6586,828,5776,3990,5722,1754,169,1054,149
MH0080,56483,76582,5079,726,2792,467,8003,5585,7622,628,86,363,60
MH0081,55228,76370,5696,753,3126,573,7312,5150,7459,646,68,353,53
MH0082,56081,78704,9179,462,4878,300,7896,5520,7955,1090,40,567,25
MH0083,66357,90664,6645,2156,4072,1733,7922,5535,7745,779,204,478,168
MH0084,18769,25262,1609,323,797,203,3211,2189,2957,244,46,124,34
MH0085,44994,61363,3347,1222,2044,933,6602,4634,6421,459,153,297,115
MH0086,84484,117440,13923,3411,9746,2813,10841,7801,11270,1696,394,1236,348
MH0087,32496,48417,5340,1867,3943,1517,5950,4212,6616,680,277,516,230
MH0088,94675,131471,20442,5198,13787,4467,13538,9465,13362,2444,694,1658,617
MH0089,78063,108340,6632,1960,3776,1503,9924,7009,10364,734,199,456,162
MH0090,83794,116128,11377,2080,6794,1702,11743,8196,11741,1492,219,894,174
MH0091,77752,106547,6871,1556,3382,1138,9406,6610,9264,807,203,422,159
MH0092,111251,153333,13186,2097,8291,1564,14797,10361,14719,1427,264,905,203
MH0093,59458,83265,5499,1648,3510,1284,9353,6608,9537,861,229,571,187
MH0094,96093,135650,8365,2119,4928,1752,14495,10034,14524,1167,321,728,282
MH0095,69989,97325,7665,1168,4270,864,10347,7224,10398,1067,149,602,121
MH0096,82226,113922,25803,1317,14738,898,12148,8405,12528,3652,149,2159,120
MH0097,72766,101687,13255,1100,7617,734,11181,7734,11151,1902,144,1145,100
MH0098,98387,137823,13696,1214,7554,848,15642,10779,15762,2177,132,1272,102
MH0099,86960,121671,8605,857,4293,536,13447,9291,13299,1378,108,711,77
MH0100,114287,159638,21157,1620,11829,1226,15946,11135,16221,2950,152,1665,121
MH0101,73596,102845,24894,7868,17092,6893,10062,7055,10087,3260,1287,2363,1153
MH0102,99830,135686,12427,1587,6805,1098,13508,9480,13087,1789,174,1019,113
MH0103,75289,102703,5813,888,2800,581,10003,7005,9738,639,90,300,64
MH0104,99155,135974,16648,1650,9389,1198,12865,9041,12732,2117,158,1204,128
MH0105,51429,72005,4819,944,2296,695,7565,5279,7616,640,133,317,106
MH0106,88201,121730,7088,1796,4191,1351,13240,9227,13018,1017,229,621,178
MH0107,80578,114120,13228,1870,8200,1474,13610,9340,13744,2356,280,1587,230
MH0108,75980,105978,9200,2141,6219,1703,10860,7525,10818,960,236,608,193
MH0109,65871,89884,3680,1231,2111,823,10154,7040,9784,493,170,305,121
MH0110,58289,80474,5207,1303,3045,845,8596,5967,8729,521,140,320,101
MH0111,92361,131466,12985,1729,7982,1348,13816,9552,13994,1907,206,1199,163
MH0113,86337,116437,11508,2547,7463,2104,11331,7903,11091,1629,342,1117,297
MH0114,53317,74392,3531,1238,1880,823,8304,5789,8199,468,158,252,97
MH0115,87497,124143,7770,1513,3986,1112,13503,9313,14020,1143,162,606,120
MH0116,108123,147741,9773,1240,5520,853,15446,10693,14999,1322,123,752,89
MH0117,83519,115974,12778,935,6215,619,11215,7841,11376,1607,86,802,55
MH0118,89286,121351,14002,1673,8491,1231,11054,7752,11075,1830,129,1136,100
MH0119,91298,125334,7419,1747,4553,1355,11086,7830,10963,913,170,554,137
MH0120,68406,95618,10175,704,5252,477,10467,7232,10873,1396,79,738,59
MH0121,55415,80642,2962,1112,1614,800,9161,6315,9461,357,139,209,111
MH0122,72944,104881,6923,2850,4761,2253,10335,7286,11157,828,235,584,184
MH0123,96469,136792,6050,1247,3188,858,15243,10490,15532,867,150,469,109
MH0124,99713,140991,20512,1444,12692,1160,14246,9961,14570,3018,160,1927,131
MH0125,85992,121088,7401,1070,3393,794,12806,8869,13226,1117,119,557,101
MH0126,100050,139416,26777,2030,16074,1719,13536,9441,13666,4024,320,2555,292
MH0127,69883,99506,7263,1866,4200,1423,10995,7697,11193,756,201,443,161
MH0128,60059,87218,8077,2699,5489,2221,10231,7054,10914,839,265,549,213
MH0129,89206,123901,9512,839,4860,527,13017,9012,12892,1199,95,642,71
MH0130,56247,78178,10073,928,5874,694,8389,5677,8282,1473,89,897,72
MH0131,120014,171015,26042,7178,17046,6255,13787,9739,14899,2313,779,1412,676
MH0132,94938,131141,12894,960,6809,719,12690,8964,12989,1542,93,723,79
MH0133,64636,93893,5047,1921,3102,1498,10218,7145,10949,628,234,381,181
MH0134,63622,89810,4026,1069,2033,716,10181,7077,10459,550,109,274,77
MH0135,73456,104620,7190,1523,4077,1218,10860,7610,11268,849,181,495,147
MH0136,84616,117126,4780,1081,2521,726,11856,8324,12033,577,112,345,80
MH0137,79353,112006,7603,1000,4199,692,11719,8129,11866,1249,115,757,93
MH0138,37308,50502,8585,1777,5394,1502,5087,3551,4987,999,143,635,128
MH0139,85182,120691,6291,2053,3256,1434,12855,9098,13515,746,226,388,161
MH0140,105755,146618,11045,2202,6065,1695,14855,10421,15183,1224,280,659,225
MH0141,91208,126767,15246,1058,8586,740,14280,9917,14444,2830,96,1666,71
MH0142,97075,136670,12482,1151,6984,828,13094,9119,13192,1311,98,709,77
MH0143,110753,158653,35081,1974,20833,1648,16085,11245,16956,4511,286,2752,262
MH0144,123081,173504,15418,1335,8498,884,20399,13913,20341,2434,144,1363,96
MH0145,121102,167720,16524,1199,9366,819,17429,12026,17358,2150,118,1243,75
MH0146,60687,88724,3664,653,1750,427,10971,7478,11562,482,62,245,51
MH0147,108531,149167,11437,1595,6758,1186,13067,9303,13242,1133,141,644,108
MH0148,121521,168888,11298,1784,6371,1200,16580,11600,16724,1458,178,863,123
MH0149,97012,132916,15039,1510,8924,1099,13946,9718,13747,1989,154,1256,118
MH0150,112547,162137,12411,2408,7964,1880,16135,11310,17016,1220,231,757,184
MH0151,70465,96660,9972,488,4927,280,10595,7386,10620,1492,42,772,23
MH0152,57827,79255,10066,1906,6392,1650,8012,5619,8087,1290,215,850,191
MH0153,94921,126652,9776,912,5030,581,12046,8424,11637,1042,77,560,53
MH0154,92121,125509,8774,850,3659,577,12256,8509,11808,1091,81,425,69
MH0155,70382,98598,2960,645,1327,423,11087,7651,11009,414,82,209,61
MH0156,53518,74204,2723,830,1436,576,8117,5653,8092,329,105,194,81
MH0157,92406,124719,12136,724,6090,484,11535,8021,10946,1293,55,651,35
MH0158,78371,108668,4858,689,2681,455,10829,7563,10795,538,76,312,57
MH0159,88111,122462,10033,956,5643,659,12191,8551,12274,1006,87,566,58
MH0160,79677,110705,3905,841,1729,555,10450,7327,10447,405,99,193,70
MH0161,127586,175779,11972,3171,7483,2525,15073,10719,15155,1076,262,670,212
MH0162,104917,150609,5427,1605,2897,1197,16350,11321,16872,635,181,348,141
MH0163,79984,110155,7082,1274,4161,899,9902,7007,9894,902,131,561,98
MH0164,49738,66816,4400,1413,2424,1065,6315,4407,6075,436,121,250,92
MH0165,98437,137386,9407,1209,4631,853,13770,9586,14162,1200,157,601,120
MH0166,42115,60122,2879,495,1495,334,5984,4246,6443,298,56,162,37
MH0167,60504,82771,3062,1010,1636,694,9198,6451,9045,399,141,220,108
MH0168,82291,113313,10291,975,5205,699,11661,8119,11421,1169,124,597,102
MH0169,107488,147811,8505,855,5001,610,14879,10387,14743,877,86,504,63
MH0170,93704,132978,5119,881,2557,610,13191,9187,13496,571,107,306,80
MH0172,98854,133760,8477,1015,4697,681,13742,9596,13147,1039,80,559,54
MH0173,82418,112976,9325,532,4045,308,11595,8027,11411,1143,39,469,28
MH0174,109665,151892,8363,828,3992,532,17215,11882,16916,1195,104,569,74
MH0175,85923,118076,13927,794,8310,510,11019,7732,10842,1551,79,974,55
MH0176,106947,150335,6547,1302,4002,929,13444,9460,13814,495,93,279,64
MH0177,76423,107263,3858,664,1890,418,11159,7794,11334,395,65,172,38
MH0178,70749,96227,5130,1500,2670,1054,10798,7504,10463,643,185,359,142
MH0179,49929,71496,9018,4479,6338,4036,8455,5839,8775,948,281,583,247
MH0180,73312,104836,3439,714,1706,473,12532,8680,12715,412,75,205,52
MH0181,96186,137098,13506,1435,8503,1093,13730,9655,14391,1696,143,1080,107
MH0182,73534,104392,7273,1724,4555,1368,11779,8116,11745,834,191,527,149
MH0183,125152,174710,11335,1295,5682,896,17406,12170,17789,1534,139,848,102
MH0184,100486,138778,5264,974,2601,663,13557,9527,13814,593,113,311,69
MH0185,99581,140537,9575,1423,5554,1005,14417,10076,14837,1054,155,579,116
MH0186,59074,84738,5887,1290,3691,1039,9531,6615,9740,603,118,367,96
MH0187,112949,159213,13605,2021,9015,1612,14049,10091,14852,1397,229,978,196
MH0188,138857,197523,41667,8665,29329,7549,17844,12600,18972,3576,891,2599,781
MH0189,121404,172388,55031,3792,35762,3186,13571,9612,14553,5936,672,3974,570
MH0191,136436,188598,9640,2374,5918,1782,15782,11136,16199,886,186,589,150
MH0192,121336,172948,21242,3371,14746,2776,16336,11466,16983,2196,314,1549,269
MH0193,130925,188643,20127,3319,13681,2714,15938,11264,17265,1908,291,1367,234
MH0195,126415,173355,9422,1785,6177,1411,13643,9717,13695,834,173,572,145
MH0196,163943,232035,12907,2003,7566,1465,20736,14513,21391,1237,164,715,124
MH0197,138702,192435,30223,1850,20072,1418,13837,9869,14488,2250,122,1504,98
MH0198,145304,203948,17636,2857,11495,2337,19552,13708,19987,1964,317,1317,264
MH0199,131041,186156,8448,2455,5058,1751,17683,12466,18281,777,254,469,185
MH0200,146717,204681,18591,2418,12026,1973,15457,11094,16155,1771,249,1252,218
MH0203,190392,265842,31346,4506,20958,3669,22108,15680,23089,2466,336,1698,277
MH0204,153609,216929,11097,3337,6670,2822,18768,13220,19577,880,257,517,220
MH0205,116934,167807,10135,1999,6062,1489,17071,11959,17933,1162,178,702,139
MH0206,181062,253168,39271,2361,17381,1659,24401,17018,24992,3410,219,1847,156
MH0211,134732,193657,15403,3473,10162,2767,20788,14542,22065,1541,329,1036,256
MH0212,117445,170250,20774,3158,12859,2537,19104,13154,20027,1893,263,1173,196
MH0217,126673,178562,15633,1098,9751,712,14923,10580,15457,1077,94,632,61
MH0220,167690,236808,16917,2109,9983,1627,19127,13477,20061,1509,164,840,129
MH0221,50446,72840,8995,3053,6143,2558,7295,5088,7947,671,283,459,227
MH0222,142539,199561,20310,2033,11688,1567,17627,12414,18382,2527,196,1532,165
MH0224,136488,193421,19883,1591,11792,1125,16312,11526,16908,1756,143,1032,105
MH0227,104826,153623,11777,3202,7700,2617,16644,11578,18001,1367,342,918,282
MH0229,146715,206811,26019,3374,16781,2700,18316,12983,19419,2719,375,1838,307
MH0230,114172,164152,14293,4418,9466,3624,16659,11574,17578,1561,498,1052,424
MH0233,84243,120961,23435,3851,16057,3321,10921,7748,11660,1995,308,1409,277
MH0234,121991,176394,8844,2330,5277,1877,16512,11558,17651,812,219,462,181
MH0236,79844,116604,7196,2696,4538,2175,12866,9021,13871,770,259,468,210
MH0238,137025,191997,17594,2879,11143,2364,16220,11366,16717,1380,210,818,168
MH0239,115527,171034,34236,5806,24751,5114,17762,12324,19742,3248,532,2427,467
MH0243,91156,128483,13132,3092,9532,2660,11293,7940,11799,1726,323,1289,283
MH0244,106560,149999,16465,2097,7677,1657,13237,9340,13998,1109,183,587,142
MH0245,139781,188928,11025,1688,6000,1176,16068,11246,15637,995,116,503,83
MH0246,92242,133826,8952,3270,6202,2561,14409,10020,15450,975,298,682,237
MH0247,135726,197379,14364,4563,9640,3911,17756,12552,19380,1313,401,892,347
MH0250,193330,274411,29584,2693,18850,2151,23139,16381,24477,2895,187,1819,148
MH0251,127893,189027,10640,1737,6111,1282,19659,13773,21439,1255,181,715,145
MH0252,182306,253017,26040,1699,15809,1243,20823,14779,21422,2557,138,1495,107
MH0253,165758,232553,12714,2889,7058,2294,20348,14360,21247,1206,287,689,236
MH0257,132792,188397,18135,1517,11040,1090,14191,10209,15112,1415,109,835,78
MH0259,132450,185242,8862,1331,4669,942,16005,11307,16644,746,97,389,68
MH0260,115917,164068,24180,6365,16765,5818,15152,10695,16299,2490,508,1760,465
MH0261,60297,85381,4238,621,2610,435,7887,5559,8218,521,58,354,48
MH0262,119040,169567,31737,2502,20303,2081,13376,9490,14019,2596,179,1597,153
MH0264,80850,112118,7169,1178,4332,859,9494,6749,9803,823,108,515,76
MH0265,118077,168468,12212,4304,7573,3588,15787,11064,16494,1431,530,935,459
MH0266,123444,172376,8748,2254,5286,1795,15456,10893,15816,802,214,463,177
MH0267,150859,216439,16444,4322,10606,3789,20360,14350,21823,2165,696,1477,630
MH0268,132918,191661,11221,2445,6026,1763,16950,12072,18482,1043,235,504,163
MH0270,132658,189611,9078,1422,5149,1002,18125,12829,18890,894,132,482,89
MH0271,118535,170563,14569,1646,8780,1237,17866,12452,18490,1410,141,782,104
MH0272,163502,227875,20602,1682,9493,1221,20237,14231,20814,1580,140,806,97
MH0274,123481,178453,17848,6447,12672,5539,19546,13619,20913,2408,879,1806,789
MH0275,130071,183132,12862,1832,6657,1383,16296,11463,17053,1092,183,612,154
MH0276,171061,242585,33882,2954,17088,2285,20189,14443,21830,3084,219,1696,185
MH0277,39097,54371,24526,16101,21012,14774,6088,4304,6154,3729,2516,3191,2288
MH0280,164425,233320,13524,2472,7701,1896,23194,16169,23746,1382,210,758,164
MH0281,111798,161808,17224,2372,11033,1969,16858,11773,17760,2050,359,1408,314
MH0283,58866,80707,8603,870,5117,670,6965,4915,6940,937,70,637,59
MH0284,128495,174280,10780,3074,6005,2507,14736,10440,14373,1003,223,515,175
MH0286,111726,154112,10830,1184,6555,911,12081,8547,12348,770,72,447,56
MH0287,133869,186315,9956,4437,6655,3590,17598,12342,18174,922,438,613,349
MH0288,142426,202452,14284,2006,8430,1554,17542,12434,18591,1509,206,903,169
MH0289,117788,165809,4396,1312,2303,894,17331,12118,17926,452,122,248,83
MH0290,110832,152122,6276,2381,3326,1878,12832,9143,13056,734,342,440,284
MH0292,90852,136547,5059,1080,2819,739,14958,10545,16594,544,96,288,65
MH0293,133456,187760,8834,1444,5181,995,16187,11387,16708,956,143,576,92
MH0297,92971,132798,3282,707,1435,437,13446,9340,13930,316,60,143,38
MH0298,124424,170659,14235,1769,9366,1378,14190,9990,14432,1551,155,1053,131
MH0299,56300,77686,2072,420,942,262,7281,5138,7422,222,24,94,16
MH0301,108248,150350,6776,2084,3564,1481,13857,9691,14075,557,171,270,133
MH0302,68252,99371,10685,1122,6274,890,10759,7596,11541,1423,126,884,95
MH0303,147476,206986,18633,1378,10094,953,16412,11588,16891,2149,85,1222,55
MH0305,91458,134618,10219,1222,6164,894,12978,9106,14384,783,99,450,73
MH0307,150191,209414,8541,993,4407,595,17566,12428,18287,1068,73,652,47
MH0308,139843,199844,13530,1364,8413,1003,17872,12625,18637,1625,128,1023,87
MH0309,121626,172739,18830,2265,13135,1881,14112,9926,14709,1850,306,1406,273
MH0310,108405,158746,4860,957,2261,650,16465,11498,17759,538,78,204,49
MH0311,105615,146135,4509,1274,2385,840,14231,9946,14316,482,125,258,80
MH0313,103913,143568,9415,1248,5446,889,13369,9507,13760,1024,140,609,105
MH0314,122629,169797,9817,1924,6690,1549,15728,10889,15685,1556,283,1181,251
MH0315,127955,180954,5939,1099,3023,752,15993,11295,16831,431,78,209,49
MH0316,148031,210342,10429,1380,5398,976,18980,13331,20057,1025,135,509,95
MH0318,172677,245228,43889,3470,27618,2738,20976,14754,21951,3735,210,2291,148
MH0319,129210,177898,11357,2938,6714,2261,14939,10616,15232,1128,294,679,238
MH0321,102382,142112,7480,1345,4589,981,12263,8683,12759,675,116,428,90
MH0322,120814,165498,7184,1364,4106,994,14239,9955,14302,753,137,440,96
MH0323,127607,180857,11963,1341,6748,920,15786,11161,16251,1056,112,551,71
MH0325,116888,164878,7299,1244,3662,801,14386,10241,15376,598,100,265,67
MH0326,139915,198810,8852,1235,4498,814,19497,13688,20454,952,94,476,73
MH0327,82110,117454,4483,1334,2770,988,12738,8923,13450,347,119,202,84
MH0328,124024,174100,13054,1439,8019,1140,14774,10501,15535,1109,114,679,85
MH0329,146868,207252,29406,1806,17560,1284,15997,11414,16893,2387,151,1326,102
MH0330,153806,216063,10761,2335,6111,1792,18538,13012,18989,854,203,465,154
MH0332,70329,103715,3504,1010,1867,678,10151,7188,11114,369,99,198,66
MH0333,85984,129312,18054,4635,12759,4107,14226,9897,15577,2180,699,1628,644
MH0334,103036,141105,5434,1551,2767,1096,11966,8554,12228,470,124,255,96
MH0335,74609,106433,9407,3645,6179,2955,11865,8290,12377,1259,494,843,401
MH0336,97616,138307,18820,5346,12840,4460,13076,9126,13507,2190,612,1568,519
MH0337,102986,146251,8302,1261,5277,900,13534,9563,14140,744,95,482,64
MH0338,137697,186798,16702,1121,8654,777,15693,11127,15356,1628,103,812,66
MH0339,147280,211488,14631,1041,7734,637,20785,14432,22005,1425,87,745,57
MH0340,132160,184521,8823,1159,4430,742,18209,12675,18677,891,94,448,58
MH0341,82820,117610,5946,3243,4111,2641,12167,8465,12435,573,299,381,237
MH0342,110387,156452,6749,1516,3321,997,17629,12289,18270,774,178,399,138
MH0343,140395,196918,17567,2211,9992,1511,19378,13490,19864,1267,138,644,86
MH0345,130271,178772,20578,3369,13982,2842,17758,12461,17977,2370,318,1617,263
MH0346,122478,172668,12768,1649,7189,1284,15984,11288,16655,1225,173,708,137
MH0347,93913,134698,5895,1092,3283,705,12969,9063,13713,472,91,228,59
MH0348,96435,138744,8505,1071,5364,767,13307,9343,13929,600,79,336,57
MH0349,132945,182642,8120,1050,3897,725,15794,11188,15887,757,91,342,59
MH0350,143278,202320,9363,1731,5010,1195,19436,13637,19626,971,144,499,92
MH0351,83663,118361,7498,1100,4539,803,12444,8729,13003,746,112,480,87
MH0354,97093,137613,12265,1889,7419,1493,12222,8621,12723,1055,130,611,103
MH0355,177712,246853,28740,1679,15646,1272,23822,16650,24356,3256,188,1944,142
MH0356,134747,189927,9249,1914,4984,1459,17582,12393,17868,676,152,354,112
MH0357,142196,195073,36472,2973,20778,2277,16987,12015,17148,3936,214,2226,164
MH0358,113560,162950,23244,5760,15868,4968,16669,11608,17427,1917,461,1292,404
MH0359,122506,170722,8696,1987,4873,1350,15495,10931,15753,794,166,429,101
MH0360,97795,143527,10204,1514,6115,1138,15694,10901,17083,1164,189,755,154
MH0361,118296,171712,8272,1194,5053,780,17688,12357,18796,844,113,510,79
MH0362,140283,194971,13390,1547,7949,1143,18178,12688,18319,998,102,541,85
MH0363,124564,170977,5902,1006,2837,676,15320,10754,15194,521,71,264,49
MH0364,133077,183455,6068,732,2648,480,16668,11674,16796,547,52,225,35
MH0365,115712,161759,4761,1164,2220,783,14810,10375,14798,414,92,168,59
MH0366,99431,138531,14976,997,8749,820,9536,6776,9764,799,38,378,32
MH0367,136034,191881,11957,1235,7300,844,16403,11610,17083,968,73,588,55
MH0368,133585,183759,11096,2153,5463,1611,17013,12077,17119,990,161,450,118
MH0369,121861,171466,24557,917,14949,666,16898,11726,17087,2803,56,1711,44
MH0370,99242,136728,41085,5723,28802,4870,11376,8034,11331,3383,531,2264,439
MH0371,147460,208705,7760,1129,3723,728,21219,14800,21815,957,91,491,65
MH0372,85235,123083,19870,4953,14266,4040,10908,7793,11763,2022,532,1464,436
MH0373,143068,200226,31476,3022,20664,2443,16571,11689,16884,2940,350,1916,272
MH0374,148746,206285,20309,1508,9857,1035,18846,13219,19128,2169,134,913,91
MH0375,91092,129794,8425,1760,5213,1434,13836,9575,14214,642,157,391,122
MH0376,129559,185267,13980,1101,8136,717,18197,12793,18957,1597,102,944,67
MH0377,159154,220223,21054,3337,13341,2728,20017,13979,19931,1857,412,1221,351
MH0378,137497,196854,10464,1013,5607,715,20652,14383,21542,1086,99,601,74
MH0379,122995,176118,8378,1624,4608,1246,17639,12293,18474,1043,229,628,186
MH0381,139079,194804,13034,2823,7683,2427,19298,13447,19547,1674,410,1042,378
MH0382,129300,180691,27365,2300,18621,1824,13460,9631,13910,1642,135,1093,103
MH0383,99819,137931,7276,2550,4155,1970,11513,8143,11598,676,220,390,171
MH0384,125926,177420,11954,1366,7016,986,16579,11598,16869,1453,134,902,110
MH0385,143272,200557,23516,1610,14052,1282,19278,13534,19434,2702,178,1644,154
MH0386,137680,196433,10538,1551,5889,1110,19608,13659,20200,993,155,547,117
MH0387,89168,124389,2705,756,1337,517,13027,9087,13403,224,58,114,42
MH0388,113199,158910,5495,1463,3157,1095,15641,11003,16227,510,122,301,91
MH0389,143212,202105,26972,2898,18022,2371,18017,12732,18504,2329,223,1547,175
MH0390,153895,214798,25823,1283,14599,975,18080,12821,18457,1887,90,994,64
MH0391,130534,188202,6973,861,3708,571,19609,13604,20570,686,63,344,36
MH0392,148610,208749,9733,709,4597,434,20623,14426,21273,986,52,460,33
MH0393,90086,129249,5238,1676,3182,1281,13224,9201,13999,415,112,238,86
MH0394,132292,184423,9992,1836,5193,1330,15727,11199,16015,780,137,356,92
MH0395,149246,210239,8078,948,4039,613,19842,13872,20332,711,65,388,47
MH0396,130024,184438,8991,1141,5002,796,14497,10280,15457,686,83,377,53
MH0397,141694,197282,13597,1113,5815,768,18376,12978,18781,1510,80,728,51
MH0398,154858,214351,12637,1749,7002,1384,18477,13140,18744,1279,162,722,127
MH0399,176090,250013,15321,1305,8996,877,22289,15705,23178,1485,121,834,72
MH0400,105172,146103,14988,2550,8645,2135,13119,9229,13267,1874,292,1152,268
MH0401,82976,116229,5134,728,2466,472,10527,7395,10755,423,53,179,31
MH0402,160782,221462,30577,3974,18264,3466,17714,12642,18104,3319,424,1969,367
MH0403,147897,213396,9653,1759,5456,1328,21544,15053,22742,873,129,460,92
MH0404,125260,175305,9900,1835,5580,1394,17107,11930,17340,1365,206,800,163
MH0405,124386,176299,7793,853,3965,559,16137,11402,16717,650,58,306,41
MH0406,150755,216139,21724,1536,13636,1067,19933,14069,21041,2044,137,1312,96
MH0407,155306,217348,21235,3521,12234,3017,19409,13536,20069,2436,527,1585,489
MH0408,184742,261295,11497,1427,5778,955,24762,17435,26007,1158,144,604,95
MH0409,144453,202898,16951,1148,9596,747,18390,13003,18999,1662,101,1025,61
MH0410,117784,168368,6716,1262,3699,837,17035,11990,18330,647,111,353,76
MH0411,147171,209570,11027,804,6117,524,20295,14259,21195,803,61,412,42
MH0412,159047,220000,10080,1127,5300,702,18305,12929,18786,896,74,478,49
MH0413,149838,208858,9696,1635,4884,1198,18013,12738,18341,999,195,551,162
MH0414,81464,115944,5518,2328,3325,1850,11031,7746,11691,584,282,369,236
MH0415,166343,234378,34403,4728,23609,4061,19817,14007,20783,3253,316,2284,262
MH0416,165179,228197,7642,1663,3804,1169,19552,13745,19721,682,117,355,81
MH0417,172175,241386,11153,1217,5857,820,21268,14923,21725,1059,82,565,52
MH0418,143482,200237,6131,1069,3134,727,18450,12983,19008,599,89,289,55
MH0419,134673,193568,24142,3118,15106,2484,19570,13724,20909,2300,196,1482,155
MH0420,97953,144264,6367,1429,3957,1114,15014,10591,16440,755,147,483,120
MH0421,124288,172820,15693,1354,8995,1001,15047,10633,15587,1263,102,716,80
MH0422,168858,239705,18670,1793,11270,1395,21041,14797,22206,1252,108,738,79
MH0423,90171,127873,5450,777,2986,539,11522,8131,12452,679,54,389,36
MH0424,118900,171847,7782,2039,4361,1424,17352,12167,18716,737,152,417,96
MH0425,118262,169313,9056,4675,6452,4153,16233,11477,17433,709,296,490,264
MH0426,131674,187277,9429,1185,5052,785,17266,12194,18488,736,81,405,56
MH0427,69845,95795,7553,1120,4716,885,9442,6597,9379,978,136,634,110
MH0428,139833,195862,16555,963,8235,615,16750,11913,17545,1630,62,833,40
MH0429,133420,186588,10825,1131,5671,800,15997,11375,16216,960,99,484,75
MH0430,139503,196804,19606,2813,11714,2330,16053,11300,16710,1701,156,910,139
MH0431,137162,195369,14417,1297,8454,914,17630,12483,18900,1325,105,877,75
MH0432,117963,169530,10724,2975,6893,2371,17710,12407,18900,944,302,586,239
MH0433,170611,240523,48309,4506,32079,3628,19955,14199,20790,3428,317,2222,260
MH0434,177855,250048,13701,1264,7023,927,23858,16730,24692,1571,93,830,71
MH0435,135125,193535,10752,2640,6897,2235,19210,13441,20459,1068,283,761,258
MH0436,137849,192087,8636,847,4652,569,16365,11522,16672,700,66,376,44
MH0437,182435,258063,30404,1308,17335,961,21722,15276,22626,2840,92,1552,63
MH0438,164330,228047,9796,1807,5630,1307,19240,13630,19946,969,195,578,146
MH0439,167000,232468,10768,1682,5364,1302,21720,15265,21989,1087,144,576,106
MH0440,147907,206029,13019,1366,6503,976,17257,12302,17759,995,94,493,72
MH0441,171045,239772,16464,2792,10838,2134,19983,14223,20601,1293,209,877,158
MH0442,196028,275592,13353,2102,6929,1556,20748,14869,21708,849,136,440,103
MH0443,137244,195211,6229,1752,3440,1365,18304,12908,19530,511,118,265,97
MH0444,72027,107114,4377,1267,2626,915,11278,7926,12479,515,140,332,103
MH0445,161823,227531,10691,1293,5239,895,19793,14061,20510,854,82,383,51
MH0446,180271,258166,15776,1202,9154,799,23738,16724,24969,1160,81,647,50
MH0447,220668,307263,30561,2019,17774,1453,25036,17623,25547,2900,157,1727,118
MH0448,174748,245919,28955,2960,17451,2400,20621,14413,21455,2398,187,1317,148
MH0450,197024,275569,11609,1737,6171,1209,25702,18085,26483,1070,148,599,102
MH0451,180148,252867,16411,1557,9758,1106,22001,15459,22660,1395,138,835,91
MH0452,174807,248850,11278,1422,6585,1054,23478,16504,24841,1144,106,644,82
MH0453,118875,171410,8814,848,5027,575,16008,11152,16798,829,67,500,47
MH0454,187891,262847,18760,1603,10397,1158,22956,16126,23680,1875,103,1052,74
MH0455,105434,152862,5030,1149,2970,785,15025,10575,16306,509,104,327,76
MH0456,115617,168501,11206,1014,6713,728,14601,10448,16210,710,65,409,47
MH0457,212177,293964,18085,2971,9985,2349,25769,18237,26166,1510,247,857,206
MH0458,130405,187044,7840,933,4699,635,18512,12999,19844,807,96,498,74
MH0462,131720,186961,9015,1412,5391,1024,19056,13269,19944,759,118,428,89
O2.CD1-0,147846,211873,9770,3286,6171,2545,21275,14893,22459,1006,349,636,274
O2.CD1-0-PT,95209,141033,13952,6697,10303,5711,17740,12282,19213,1969,1090,1521,939
O2.CD2-0,69327,94437,20783,5317,13635,4302,8341,5901,8385,1875,159,1252,128
O2.CD3-0-PT,130852,191898,42146,7986,30455,6829,17758,12505,19262,3814,785,2725,661
O2.UC1-0,27665,38789,3013,446,1758,327,3577,2481,3519,384,54,247,43
O2.UC1-1,112076,152832,10244,1986,5377,1679,16764,11641,16377,1371,378,833,345
O2.UC11-0,20573,28702,774,251,358,166,2825,1986,2894,94,20,48,15
O2.UC11-1,133448,186862,13395,3635,8960,2938,17994,12577,18780,1061,286,724,236
O2.UC11-2,92562,128359,9371,1989,6416,1624,13505,9368,13614,1207,206,865,176
O2.UC1-2,125094,172698,12818,3079,7503,2453,16658,11650,16577,1134,220,643,163
O2.UC12-0,36662,49664,2702,316,1132,185,3984,2800,3803,319,26,106,14
O2.UC12-1,118969,167265,10265,1514,5732,1091,14286,10191,15022,984,113,574,86
O2.UC12-2,95206,134191,7227,855,4481,603,12170,8527,12517,777,63,499,47
O2.UC13-0,46429,62154,1991,290,756,189,6250,4284,5782,228,30,79,16
O2.UC13-1,170625,241737,11224,1212,5533,793,22143,15469,23551,990,109,474,82
O2.UC13-2,102209,142768,4884,836,2313,542,12526,8839,12727,440,69,192,42
O2.UC14-0,17524,22384,537,82,185,44,2245,1575,1992,57,7,22,2
O2.UC14-1,113966,157045,3469,769,1534,471,13709,9736,14072,294,55,113,26
O2.UC14-2,109151,155466,3244,475,1440,319,15217,10604,15851,314,41,128,25
O2.UC15-0,75979,109926,8806,1717,5774,1332,12043,8363,12772,1217,200,849,163
O2.UC15-1,104185,148385,9939,2866,6471,2309,16199,11225,16804,1352,360,963,310
O2.UC15-2,113124,158335,3692,919,1890,592,16839,11683,17109,316,68,157,32
O2.UC16-0,13488,17685,1045,155,405,112,1657,1188,1577,136,11,43,8
O2.UC16-1,95824,131403,7644,949,4205,662,11290,8014,11398,894,67,514,43
O2.UC16-2,67054,91498,3132,527,1489,369,8746,6154,8753,366,29,185,17
O2.UC17-0,17366,23997,664,252,320,143,2527,1761,2495,66,22,30,13
O2.UC17-1,97606,131692,5133,2448,3431,1953,11595,8161,11384,379,202,256,169
O2.UC17-2,95864,130863,3150,874,1806,583,12467,8705,11975,368,74,222,54
O2.UC18-0,32958,44165,4725,1724,2664,1175,3998,2825,3900,377,132,219,92
O2.UC18-1,149190,209504,9970,2033,5412,1520,20380,14306,21718,1115,213,613,165
O2.UC18-2,116045,160604,6667,506,3197,303,15112,10593,15083,634,35,304,20
O2.UC19-0,45844,61269,1065,255,417,174,5714,4054,5448,65,19,27,13
O2.UC19-1,61753,88622,7821,2478,5453,1816,8747,6209,9676,737,234,556,194
O2.UC19-2,81485,113661,13523,1719,8254,1290,11107,7790,11592,1069,91,662,64
O2.UC2-0,87473,119862,3385,544,1573,339,11958,8346,11995,413,34,197,24
O2.UC20-0,39344,53084,742,208,330,126,4814,3360,4602,63,18,24,9
O2.UC20-1,134852,189357,10685,1800,6775,1340,17579,12377,18294,995,144,647,124
O2.UC20-2,102702,144361,2349,717,1321,483,12469,8777,12775,163,39,82,25
O2.UC2-1,145237,201689,6919,1444,3610,1066,16347,11555,17004,498,89,245,63
O2.UC21-0,20090,26129,385,118,123,56,1842,1356,1750,35,6,7,3
O2.UC21-1,127546,177850,7637,1252,3744,798,17147,12138,18042,629,99,289,65
O2.UC21-2,100652,139477,3766,844,2497,605,12162,8602,12415,292,52,195,32
O2.UC2-2,123922,170167,6616,3494,4410,2869,16566,11650,16696,638,324,444,269
O2.UC22-0,36568,48575,881,270,359,153,4421,3110,4282,91,18,35,11
O2.UC22-1,125425,178026,5689,1509,3505,1164,16687,11761,17714,530,141,344,125
O2.UC22-2,101754,141100,2103,592,1054,398,13780,9691,13840,195,53,108,38
O2.UC23-0,29406,39784,1173,189,677,128,2979,2126,2936,85,12,47,11
O2.UC23-1,53169,75016,3212,490,1871,332,6883,4800,7126,185,38,106,25
O2.UC23-2,107867,148614,6457,1287,3801,977,14693,10307,14684,740,144,448,117
O2.UC24-0,34356,46388,3154,265,1441,160,3725,2607,3597,318,21,147,14
O2.UC24-1,123311,172509,22785,1536,13217,1126,15528,10962,16043,2013,115,1156,78
O2.UC24-2,90384,130116,18483,1645,12924,1400,10473,7403,11330,1201,101,851,85
O2.UC26-0,53808,82287,5511,3604,3949,3055,10447,7223,11789,1128,777,849,665
O2.UC26-1,59705,88751,1619,765,827,450,11308,7775,12307,185,93,100,57
O2.UC26-2,53860,79592,744,365,375,238,9763,6826,10792,67,31,33,18
O2.UC27-0,95962,136443,6344,1108,3730,791,14816,10230,15423,782,146,475,110
O2.UC27-1,96378,136626,3586,1161,1870,840,14984,10439,15581,380,104,198,78
O2.UC27-2,75992,107809,1764,431,892,291,12097,8301,12447,132,29,65,14
O2.UC28-0,149226,204441,8981,1075,3808,646,19340,13508,19008,942,98,374,70
O2.UC28-1,149415,211138,7439,1293,4327,892,18832,13346,19752,519,112,297,82
O2.UC28-2,150318,207729,7986,1227,4425,887,18871,13214,18958,565,76,295,57
O2.UC29-0,73285,104198,5202,276,2117,171,10770,7519,11235,770,21,311,16
O2.UC29-1,117859,164849,13748,837,7163,517,15997,11204,16208,1403,65,745,36
O2.UC29-2,81872,116530,2618,262,1169,154,11705,8148,12205,218,19,90,9
O2.UC3-0,122251,166605,3639,987,1633,629,15491,10891,15286,399,72,168,47
O2.UC30-0,108799,148688,6623,1587,3650,1190,14546,10111,14164,684,126,368,91
O2.UC30-1,128093,182838,7865,1309,4428,931,19833,13707,20824,752,102,386,80
O2.UC30-2,105972,147469,3430,817,1810,575,15245,10511,15069,275,59,145,42
O2.UC3-1,128295,176005,4057,1148,2122,790,14610,10334,14871,288,76,141,52
O2.UC31-0,101570,138214,5076,1232,2698,874,13527,9403,13026,502,113,277,79
O2.UC31-1,137660,190643,7643,1588,4595,1183,16762,11746,17001,726,137,451,99
O2.UC31-2,101781,140871,5010,865,2736,574,13910,9671,13922,485,56,254,31
O2.UC3-2,104822,141117,2027,776,906,486,13508,9419,12986,172,59,80,39
O2.UC32-0,94286,131399,3682,924,1861,653,12798,8826,12886,369,69,191,52
O2.UC32-1,138280,193271,8637,1526,5821,1204,18567,12914,19213,893,131,636,111
O2.UC32-2,105095,143481,3645,654,2140,445,13983,9746,13897,212,40,105,19
O2.UC34-0,70400,92227,3761,2187,2481,1771,8447,5941,8098,430,279,314,233
O2.UC34-2,73260,100564,5733,2141,3606,1613,10610,7385,10625,583,236,361,180
O2.UC35-0,116536,159358,4378,988,2605,680,15980,11211,16006,619,107,413,80
O2.UC35-1,144099,202824,5137,1337,2729,891,19323,13573,20099,373,80,202,51
O2.UC35-2,116094,160520,2226,443,1035,267,16278,11384,16480,196,31,93,15
O2.UC36-0,130098,184752,13163,2350,8438,1869,18851,13093,19460,1022,176,611,147
O2.UC36-1,109978,152503,2903,868,1547,561,14752,10320,14939,207,59,121,47
O2.UC36-2,86557,118923,2816,446,1642,301,11823,8217,11959,431,27,255,21
O2.UC37-0,74377,107932,5195,708,3461,509,12662,8710,13293,813,69,559,50
O2.UC37-1,116601,169975,3649,1030,2090,691,18614,12933,19874,418,93,247,61
O2.UC37-2,102466,145730,3927,1099,2016,687,16684,11458,16999,393,88,206,64
O2.UC38-0,65437,91185,4043,2310,2680,2056,7922,5603,8071,357,148,193,132
O2.UC38-1,128357,178891,9268,1242,5255,887,15923,11144,16241,540,83,284,58
O2.UC38-2,73737,102534,1348,498,621,348,9311,6521,9367,80,26,40,19
O2.UC4-0,34671,48163,1142,263,451,143,4544,3231,4543,86,16,27,8
O2.UC40-0,99839,138765,3692,499,1605,334,12511,8835,12567,318,35,116,21
O2.UC40-1,176433,249899,16024,1889,9444,1346,20269,14379,21436,1130,116,626,80
O2.UC40-2,124680,171698,3895,942,1931,671,15148,10618,15179,317,73,159,55
O2.UC4-1,150269,210849,7888,1097,3749,745,20967,14801,21997,786,86,375,63
O2.UC41-0,115293,160408,6083,583,3290,401,14839,10357,15133,536,30,265,18
O2.UC41-1,143072,205268,15042,3499,10341,2879,20313,14222,21776,1432,364,1003,316
O2.UC41-2,60135,82917,1865,327,877,206,7201,5098,7443,218,30,103,16
O2.UC4-2,128127,180461,8470,1953,4904,1548,18477,12834,18744,1446,241,859,189
O2.UC43-0,65275,89134,6123,1123,3662,877,8630,6097,8716,922,133,572,110
O2.UC43-1,73387,102765,4460,1253,2589,938,10285,7150,10441,398,84,227,64
O2.UC43-2,40629,56245,870,322,465,236,5990,4203,6130,57,16,27,9
O2.UC44-0,110182,152996,4055,633,1607,392,15332,10656,15299,461,56,186,36
O2.UC44-1,141765,200344,5172,1574,2687,1087,17886,12650,18786,404,111,194,72
O2.UC44-2,228345,324606,21025,3627,12728,2844,31539,22221,33048,1542,201,884,158
O2.UC46-0,100107,137797,2818,777,1433,533,14139,9874,14120,352,73,176,55
O2.UC46-1,114307,167526,6796,1666,4194,1242,18611,12934,19982,534,115,330,87
O2.UC46-2,108138,151294,1696,551,785,339,15837,11077,16060,129,25,60,15
O2.UC47-0,105376,143591,4687,605,2255,372,14240,10061,14199,562,47,293,30
O2.UC47-1,153422,214305,12778,1694,7888,1269,17574,12428,18184,717,91,440,73
O2.UC47-2,82146,113807,10123,1136,6765,860,10311,7301,10536,670,87,444,71
O2.UC48-0,218154,314475,42513,6612,29854,5477,30931,21464,32544,3726,572,2550,478
O2.UC48-1,170551,246773,14576,2555,9490,2037,24304,16930,26156,843,122,498,89
O2.UC48-2,99699,138629,1662,566,716,349,15565,10686,15526,123,34,48,18
O2.UC49-0,127534,182382,8750,1881,5182,1316,19561,13561,20167,743,170,402,110
O2.UC49-2,95537,130226,4116,790,1907,497,12287,8619,11947,322,42,146,27
O2.UC5-0,106863,142264,2113,795,1070,494,13419,9416,12858,169,47,78,25
O2.UC50-0,240729,335463,13311,2231,6378,1415,30451,21463,30790,1392,193,665,120
O2.UC50-2,196476,276371,7776,1484,4227,1015,26746,18719,27530,907,130,538,92
O2.UC5-1,93707,132388,2595,743,1338,497,14365,9925,14809,186,54,100,34
O2.UC51-0,109349,153244,4073,871,1792,548,15797,10964,16081,456,64,191,39
O2.UC51-2,162730,230294,6139,878,2695,516,22999,15975,23644,570,43,252,31
O2.UC5-2,69055,95644,1231,454,585,283,10635,7337,10648,103,38,51,26
O2.UC52-0,87814,121960,9628,597,5187,341,11824,8291,12089,949,44,533,29
O2.UC52-2,127766,171228,5138,705,2454,460,15961,11142,15326,473,51,211,35
O2.UC53-0,191076,268493,3631,980,1700,614,25552,17956,26292,252,65,118,41
O2.UC53-2,92511,130257,4659,805,2595,567,13312,9319,13780,645,67,364,42
O2.UC54-0,81195,112411,1454,593,739,394,11554,8038,11483,122,59,68,42
O2.UC54-2,72834,100086,2399,612,1185,417,10225,7153,10167,165,29,69,23
O2.UC55-0,123343,170890,5404,727,2830,500,15541,10900,15595,494,60,274,35
O2.UC55-2,105928,147652,3875,544,2280,372,15937,11119,15936,482,40,321,33
O2.UC56-0,101073,141606,2804,642,1206,382,15953,11077,16143,338,54,156,37
O2.UC56-2,99281,135213,3023,672,1360,423,14717,10274,14419,281,38,138,28
O2.UC57-0,99416,135464,4949,786,2513,572,11909,8277,11573,554,80,280,51
O2.UC57-2,101726,139940,3209,568,1561,392,12128,8497,11860,239,30,96,19
O2.UC58-0,115850,157746,9726,685,4589,471,13385,9405,13282,770,33,320,24
O2.UC58-2,111701,155085,7599,854,4298,659,14015,9891,14225,560,74,297,61
O2.UC59-0,100700,140460,2791,865,1471,530,14333,10042,14760,272,70,149,40
O2.UC59-2,86245,122464,2057,541,976,343,13262,9208,13595,238,53,117,33
O2.UC6-0,68886,102118,4047,880,2299,604,12169,8454,13187,591,98,364,70
O2.UC60-0,98444,131698,4720,437,1818,252,10718,7546,10208,435,28,153,13
O2.UC60-2,91026,124774,3216,569,1537,348,12240,8543,12062,281,33,137,21
O2.UC6-1,109286,157278,4877,1003,3072,765,15872,11166,17277,280,61,161,43
O2.UC6-2,96676,138444,3062,572,1667,378,14573,10241,15446,228,35,129,26
O2.UC7-0,122682,176367,8425,3618,5225,2730,18888,13073,20162,791,305,507,241
O2.UC7-1,134679,192409,16298,3640,11233,3026,19410,13530,20335,1670,348,1157,299
O2.UC8-0,114379,158931,7387,1582,4690,1228,14383,10048,14568,703,143,455,118
O2.UC8-1,127166,180311,9129,1569,5892,1178,17277,12031,18110,761,126,452,85
O2.UC8-2,142764,201681,7833,1501,4430,1081,20773,14535,21583,858,147,505,117
O2.UC9-0,106687,150285,2228,566,1103,349,14879,10406,15611,152,39,59,22
O2.UC9-1,138434,194428,3364,808,1675,508,18383,12908,19397,246,58,128,35
O2.UC9-2,112615,157998,2236,471,1163,300,16039,11256,16643,160,31,84,20
V1.CD1-0,26761,38243,12716,2386,6837,1680,4804,3301,4907,57,16,24,7
V1.CD10-0,26567,37123,5634,3670,4059,3057,3604,2554,3672,975,692,755,611
V1.CD11-0,38099,49822,3788,2834,2891,2402,4801,3366,4362,456,365,370,320
V1.CD12-0,42919,59561,2602,958,1313,600,6660,4569,6487,293,93,131,54
V1.CD12-3,77156,115819,14244,5146,10229,4193,13979,9680,15386,1806,596,1328,495
V1.CD13-0,57947,81337,2252,372,986,243,7325,5167,7660,227,33,100,25
V1.CD1-3-PN,131089,187564,4281,1003,2018,664,18953,13229,19813,343,67,149,47
V1.CD14-0,65675,88427,2374,399,1003,233,7281,5161,7078,219,27,91,16
V1.CD15-0,32796,47371,378,225,182,127,5509,3824,5800,33,20,20,16
V1.CD15-3,105273,155201,9899,1819,6870,1361,18216,12703,19706,1565,197,1194,170
V1.CD16-0,90215,126257,8519,1731,5407,1387,13197,9229,13521,1497,318,1095,285
V1.CD17-0,77869,113210,3535,1268,2054,933,12744,8841,13444,444,170,297,141
V1.CD17-4,108429,155794,8108,2684,5813,2242,17454,12109,18101,1113,372,834,326
V1.CD18-0,63650,95055,5184,1546,2794,1071,10256,7171,11302,598,182,343,130
V1.CD18-3,44840,70812,5817,3859,4351,3364,8828,6151,10095,876,598,666,521
V1.CD19-0,149635,204159,7802,1334,4177,865,21127,14775,20788,1076,116,604,83
V1.CD2-0,20295,27232,1789,258,598,144,2686,1935,2595,174,20,64,11
V1.CD20-0,101802,148552,6336,2449,3738,1801,16742,11565,17420,677,225,358,167
V1.CD20-4,116464,168487,11039,2491,7318,1880,19313,13320,20332,1411,280,980,218
V1.CD2-0-PN,81310,116835,4837,1911,2971,1443,13304,9143,13749,489,204,300,157
V1.CD2-0-PT,65746,93133,3711,1570,2289,1182,9932,6969,10494,346,143,218,107
V1.CD21-0,58801,90916,12213,2701,8509,2178,10257,7164,11604,1437,301,966,214
V1.CD21-4,76204,106197,6180,1453,3875,1027,9902,6989,10349,538,100,334,62
V1.CD22-0,180735,250747,9596,2103,4831,1553,24509,17216,24925,986,169,481,133
V1.CD24-0,116042,158368,3474,749,1418,470,15823,10986,15466,315,45,123,31
V1.CD25-0,61942,87521,2663,1248,1711,1007,10495,7248,10645,303,113,182,89
V1.CD25-4,119682,172352,8543,1390,5224,968,19139,13360,20222,600,99,358,67
V1.CD27-0,102104,140320,5167,1283,2677,871,13740,9507,13593,495,96,237,62
V1.CD28-0,90836,130573,3820,789,1572,481,15521,10674,15804,481,67,191,43
V1.CD29-0,127579,176251,9869,1573,5797,1224,16229,11362,16356,947,178,553,151
V1.CD3-0,27060,39553,45077,17062,32995,14531,4309,2979,4544,100,15,50,11
V1.CD30-0,124712,166319,8031,1035,4470,722,13618,9622,13091,554,60,287,45
V1.CD31-0,96265,134759,6788,2498,4254,1914,12192,8592,12551,444,133,250,97
V1.CD32-0,120489,172545,10892,2221,6859,1748,18523,12803,19394,1320,274,856,212
V1.CD32-4,85202,129177,4464,713,3212,516,15811,10951,17535,664,63,512,49
V1.CD3-3-PN,52556,76812,6235,1775,4598,1504,8746,6049,9585,969,262,812,244
V1.CD34-0,132214,185060,12969,1671,7437,1290,17179,12158,17759,1276,155,727,122
V1.CD35-0,49828,75452,7149,1742,5133,1299,8469,5885,9544,1061,239,792,195
V1.CD35-1,68647,100405,3318,933,1991,636,10412,7213,11411,327,73,227,53
V1.CD36-0,112841,162306,5721,1829,3411,1393,17526,12241,18621,605,160,346,118
V1.CD37-4,89585,130086,5352,1110,3017,764,12952,9160,13929,474,92,263,60
V1.CD38-0,136780,194191,10968,4313,6926,3728,19921,13905,20664,1355,625,935,574
V1.CD4-0,48549,65781,13213,3638,7409,2955,6056,4204,5748,96,15,34,11
V1.CD40-0,149844,203943,15972,6527,10219,5461,17577,12524,17635,1649,821,1054,669
V1.CD41-0,121237,173689,6128,2212,3555,1597,19114,13361,20241,620,169,367,122
V1.CD42-0,109643,155498,3527,838,1821,570,17116,11963,17803,441,88,256,70
V1.CD43-0,107432,147451,4657,956,2888,611,13577,9524,13717,339,43,197,27
V1.CD44-0,76575,105822,6684,2363,4225,1811,10678,7576,10811,636,157,401,128
V1.CD44-4,71266,99234,2357,870,1336,572,9705,6852,9965,170,44,103,30
V1.CD45-0,118352,166236,3333,915,1667,612,16523,11653,16879,295,52,119,34
V1.CD46-0,98034,141351,13512,4065,8523,3298,14036,9772,15014,1310,480,794,387
V1.CD48-0,88632,130066,4873,1184,2523,799,13592,9523,14755,499,95,265,64
V1.CD49-0,154682,218514,7102,1136,3601,732,22118,15504,22703,627,98,316,60
V1.CD50-0,152883,214034,6883,1033,3326,683,19440,13675,19990,534,76,236,55
V1.CD5-0-PN,43211,69498,4137,1567,2934,1215,8827,6141,10089,607,231,441,186
V1.CD51-0,187624,261323,5369,1247,2532,799,24216,16984,24845,420,73,185,51
V1.CD52-0,167098,238599,6670,1397,3313,996,23780,16546,25294,557,82,244,57
V1.CD53-0,55811,81141,1725,861,1039,623,9370,6474,10047,160,81,100,53
V1.CD54-0,94640,138528,20938,7383,15462,6167,13746,9636,14989,2606,954,1937,794
V1.CD55-0,184292,257936,12421,2122,7254,1577,22693,16103,23833,1122,125,655,91
V1.CD6-0,26370,37646,33108,3200,18466,2278,4020,2797,4236,84,17,24,7
V1.CD6-4,123516,171669,5048,1234,2659,812,16969,11956,16896,386,80,185,47
V1.CD7-0,58315,82710,18501,9061,14060,7640,9531,6583,9885,431,214,277,160
V1.CD7-4,76185,110686,6644,4146,4674,3359,11584,8099,12341,797,522,600,440
V1.CD8-0,38837,53027,6393,1379,3224,934,5631,3877,5398,139,21,46,12
V1.CD9-0,44301,62222,3665,260,1932,172,6563,4547,6610,337,23,162,13
V1.FI01,164235,237018,7959,1593,4749,1118,23895,16703,25224,681,120,387,87
V1.FI02,137283,202445,11036,1689,7182,1243,20926,14619,22338,1054,125,682,96
V1.FI03,88819,123569,4019,1194,2023,826,13557,9390,13687,345,103,183,70
V1.FI04,163467,231687,19435,1825,12811,1415,20644,14532,21963,1252,99,738,81
V1.FI05,106537,154125,18425,4373,13259,3687,14242,10069,15410,1329,315,962,267
V1.FI06,156935,225399,8694,1630,5318,1186,20697,14577,22249,631,112,377,81
V1.FI07,140819,200215,11463,2529,7429,2014,18003,12665,18833,1087,196,753,157
V1.FI08,117042,168365,6315,1500,3988,1115,17041,11864,18287,410,119,235,81
V1.FI09,137427,189081,13132,1527,6795,1116,13806,9854,14176,988,79,467,52
V1.FI10,86484,128119,10410,1951,7082,1468,13100,9152,14389,909,153,646,112
V1.FI11,140509,200452,6861,2320,4392,1940,18394,12965,19534,657,187,432,159
V1.FI12,150777,213838,10281,2410,6298,1872,19767,13756,20576,685,148,395,118
V1.FI13,128256,185978,5372,1573,3418,1242,18234,12837,19728,310,85,182,65
V1.FI14,181669,262474,39198,3999,24965,3261,21801,15375,23401,3112,365,1894,306
V1.FI15,129737,183910,6982,2019,4156,1560,15992,11427,16915,513,121,274,94
V1.FI16,170078,239908,10229,1774,5902,1225,20531,14546,21653,562,97,307,70
V1.FI17,157959,228292,47893,10666,35868,9242,19183,13620,21016,3662,1295,2871,1162
V1.FI18,107853,149206,13360,5043,9678,4133,14631,10188,14936,1106,326,768,251
V1.FI19,142288,204786,7814,1843,4815,1341,19777,13768,21142,588,147,338,104
V1.FI20,174787,251724,9262,2059,5936,1537,23732,16712,25450,591,112,347,80
V1.FI21,61382,94064,3574,736,1926,497,11435,7920,12885,464,90,271,66
V1.FI22,110581,163968,4669,1377,2814,966,18045,12633,19677,515,125,319,87
V1.FI23,46448,73512,2914,776,1614,509,9018,6236,10369,304,74,177,54
V1.FI24,135861,193469,12252,6338,8161,5247,18145,12907,19311,1060,538,692,452
V1.FI25,136964,196328,11720,1863,8283,1507,18834,13168,19840,725,114,465,88
V1.FI26,185073,261049,8108,1614,4328,1149,24081,16877,25325,665,102,324,67
V1.FI27,127871,181699,5891,1444,3091,1024,16106,11337,17046,455,97,227,74
V1.FI28,163159,233355,8109,1616,4449,1198,22007,15504,23496,561,88,285,71
V1.FI29,99549,148002,4522,1217,2452,917,15798,11092,17263,345,80,163,54
V1.FI30,150454,212721,6612,1603,3185,1008,22516,15814,23561,625,144,307,86
V1.FI31,114703,158800,5607,888,2522,583,13297,9420,13581,467,61,194,36
V1.FI32,173697,243790,12076,2122,7298,1627,21232,15166,22317,981,139,503,99
V1.FI33,89814,131703,10697,4533,7776,3876,13580,9574,14883,642,286,440,233
V1.FI34,115279,168492,10309,1982,6723,1485,16732,11759,18080,914,165,587,127
V1.FI35,86821,125826,3010,834,1481,550,14572,10038,15342,287,77,141,43
V1.FI36,179759,254384,15280,1968,9673,1446,23948,16764,24731,1379,148,871,115
V1.FI37,161816,228148,14148,6596,9343,5235,21896,15633,23456,1182,530,748,408
V1.UC1-0,100493,142333,3846,726,1676,483,14972,10454,15406,437,58,188,43
V1.UC10-0,60881,81250,1921,487,825,293,6818,4793,6473,153,31,65,17
V1.UC10-2,129348,179205,7506,1257,4003,860,15633,11014,15980,611,83,337,57
V1.UC11-0,74346,104195,8002,2122,5052,1614,10456,7265,10652,863,224,565,177
V1.UC11-5,132662,191771,30711,4772,20622,3833,19361,13481,20669,2056,328,1330,257
V1.UC12-0,66601,90659,2454,538,1088,341,8354,5876,8200,281,37,115,22
V1.UC12-4,115480,165196,5170,1286,2738,911,16520,11517,17129,476,108,252,79
V1.UC13-0,53369,74413,4580,623,3087,503,6136,4360,6194,297,35,192,26
V1.UC13-3,105875,149148,12634,2255,8850,1931,12837,9110,13451,561,94,374,64
V1.UC14-0,54712,75124,2726,363,1227,248,8020,5566,7856,285,25,124,15
V1.UC14-1,67141,98325,9068,4985,6082,3886,8990,6352,9823,613,287,412,216
V1.UC15-0,44129,58912,1920,366,1026,276,5118,3630,5010,148,21,70,14
V1.UC15-3,109532,158476,7041,1016,4251,724,17102,11907,18149,455,63,241,40
V1.UC16-0,62983,88078,19258,2221,13589,1765,8063,5672,8284,1623,218,1133,179
V1.UC17-0,26116,33503,2371,726,1205,534,2797,2029,2519,191,70,105,58
V1.UC17-2,103322,146018,29476,4513,20160,3883,13058,9155,13421,2923,495,2038,438
V1.UC18-0,41610,57094,1198,357,478,202,6293,4375,6244,101,32,45,22
V1.UC19-0,51724,69396,1608,292,650,176,6601,4540,6249,150,25,69,14
V1.UC2-0,99976,137996,3662,690,1698,450,14390,9947,14057,378,51,166,34
V1.UC21-0,40962,56524,1491,447,696,301,5648,3978,5637,149,34,51,26
V1.UC21-4,127232,180229,7897,3319,5100,2927,17139,12063,17711,615,187,345,170
V1.UC22-1,160130,225390,8663,1831,5109,1275,21506,15064,22160,735,142,383,90
V1.UC23-0,82825,113184,2365,559,1012,327,12031,8442,11862,263,40,114,23
V1.UC23-1,75827,105397,2960,528,1254,326,10546,7393,10790,289,48,112,25
V1.UC2-4,80991,109993,1984,727,933,434,10661,7405,10529,114,44,44,21
V1.UC24-0,87813,122032,2920,743,1323,516,12189,8579,12417,246,47,107,34
V1.UC25-0,80150,114044,3586,894,1755,597,12628,8732,13049,346,77,162,54
V1.UC25-1,117584,161650,2509,738,1142,419,16157,11263,15893,196,36,76,16
V1.UC26-0,127378,174694,18832,3819,12081,3127,15352,10801,15330,1682,265,1077,216
V1.UC26-4,136389,194279,18574,4531,12511,3872,18415,12935,19265,1694,617,1173,535
V1.UC27-0,115193,155678,4243,808,2054,514,14526,10228,14350,373,57,178,37
V1.UC28-0,85774,120557,2209,593,1050,365,12396,8648,12638,210,39,99,21
V1.UC29-0,68272,97856,1979,423,850,273,10932,7627,11319,220,36,99,28
V1.UC3-0,60882,83274,3900,1545,2256,1152,7859,5541,7702,349,93,185,55
V1.UC30-0,98708,136172,7084,1569,4354,1195,13861,9690,13789,841,167,526,133
V1.UC31-0,86946,121703,4641,2521,3029,2013,12044,8378,12367,319,148,189,110
V1.UC31-4,119012,170424,5942,1647,3478,1213,18195,12679,19182,455,101,262,65
V1.UC3-2,20478,26199,1979,983,1259,835,2004,1437,1835,92,54,62,47
V1.UC32-0,156898,222760,5558,1106,3154,739,23377,16245,24275,469,75,259,55
V1.UC33-0,131051,181086,6237,1465,3897,1053,15876,11283,16251,335,90,177,57
V1.UC34-0,95714,140478,5018,1200,3183,841,15912,11099,17153,462,104,314,76
V1.UC35-0,110857,150348,4383,2133,2613,1677,13689,9625,13621,342,176,209,138
V1.UC35-4,162522,229874,13069,2120,7820,1630,21780,15278,22398,858,142,506,106
V1.UC36-0,99385,141006,9276,547,4799,386,15837,10928,16355,1307,53,726,34
V1.UC37-0,103348,141629,6943,709,3888,506,12386,8738,12487,518,44,281,27
V1.UC38-0,108086,153154,7946,3060,5143,2386,15813,11015,16503,650,286,413,217
V1.UC38-4,117855,171219,15243,5588,10149,4770,19094,13204,20151,1271,547,826,464
V1.UC39-0,107001,148541,5551,1411,3113,1050,14999,10503,14938,543,119,291,84
V1.UC39-4,107455,152872,10302,6183,7591,5373,16344,11405,17022,1354,968,1050,869
V1.UC4-0,93073,126585,3285,638,1629,382,12215,8533,11774,330,44,170,29
V1.UC40-0,110054,154464,12038,648,5930,430,15184,10615,15529,1193,50,569,35
V1.UC40-1,138309,197715,9179,1422,5095,1010,18425,12986,19445,722,106,345,78
V1.UC41-0,81485,112852,8235,1404,5386,1093,12075,8438,11995,1115,194,805,170
V1.UC42-0,116627,162043,6799,979,3536,701,15398,10766,15356,535,72,286,54
V1.UC43-0,152496,216516,5959,1047,2833,678,20135,14109,21139,538,64,235,38
V1.UC44-0,101665,139211,2666,556,1159,331,14656,10203,14565,254,39,100,20
V1.UC4-5,171568,243474,7888,1541,4318,969,24559,17039,25282,541,130,281,61
V1.UC45-0,85915,120874,3829,624,1792,386,12604,8805,12889,360,49,161,30
V1.UC46-0,129346,182139,3288,648,1438,378,20373,14124,20400,410,67,184,37
V1.UC47-0,122826,171597,4449,558,2105,361,18051,12560,17913,382,44,201,31
V1.UC47-4,143095,197913,6579,1255,4312,943,19264,13566,19350,853,115,612,88
V1.UC48-0,152923,208937,3963,858,1755,508,20578,14326,20180,275,54,113,32
V1.UC49-0,144911,196138,3437,819,1581,480,18681,13089,18263,211,53,89,26
V1.UC49-1,134883,192087,7923,1337,4671,961,21027,14621,21629,574,95,327,65
V1.UC5-0,87510,116955,1847,639,927,423,10837,7585,10236,131,39,55,25
V1.UC50-1,138547,195082,37956,5025,26183,4381,18107,12768,18915,2430,431,1634,375
V1.UC51-0,111887,153234,1584,491,682,278,14994,10452,14955,120,36,44,16
V1.UC51-4,137616,189985,2428,686,1071,431,18350,12831,18108,192,35,88,22
V1.UC52-0,127791,178190,3527,488,2024,307,16639,11617,16623,260,27,168,16
V1.UC52-1,160510,225743,9831,1875,5661,1520,20724,14503,21281,637,139,350,114
V1.UC5-3,183807,260557,11190,2314,6490,1694,23814,16740,24743,793,163,444,124
V1.UC53-0,115931,162360,7424,2095,4575,1712,16250,11430,16626,595,166,371,137
V1.UC53-4,89198,122084,2643,723,1188,461,11322,7994,11318,198,45,74,21
V1.UC54-0,162755,234900,11243,2337,7149,1873,25637,17837,26691,801,167,486,129
V1.UC54-4,97230,136815,1646,600,774,373,14767,10246,15283,126,45,68,27
V1.UC55-0,170277,244496,21816,2814,15647,2301,24073,16832,25525,1251,159,880,129
V1.UC55-4,169706,245918,6030,1074,3212,674,25102,17504,26805,678,76,390,52
V1.UC56-0,45419,65091,3175,840,2104,616,6350,4468,6984,272,44,170,29
V1.UC56-1,6353,8301,857,49,284,24,783,544,689,31,1,2,1
V1.UC57-0,154864,212960,8689,1320,5232,959,19718,13776,19709,572,86,331,58
V1.UC58-0,109892,150358,6975,865,3120,563,14486,10122,14305,692,74,277,49
V1.UC58-4,168820,238175,20089,1742,13504,1376,19758,13988,20654,1060,77,627,53
V1.UC59-0,131726,185117,7567,1199,4429,904,19358,13490,19719,670,119,398,102
V1.UC59-4,1249,1973,1068,2,427,0,32,20,25,11,0,2,0
V1.UC6-0,79593,105443,1787,415,842,267,8553,6031,8052,94,14,46,10
V1.UC60-0,130000,183243,10142,1607,6262,1145,17472,12253,18004,829,102,479,69
V1.UC61-0,88770,125527,1930,580,905,356,12712,8991,13224,147,43,68,28
V1.UC62-0,140461,199485,7373,1011,3860,683,21141,14644,21643,577,74,292,47
V1.UC63-0,180909,249676,10448,1171,5054,761,27052,18819,26839,1314,89,623,62
V1.UC64-0,122400,173090,3463,675,1399,427,16439,11560,16891,287,36,102,23
V1.UC7-0,34727,46928,598,239,311,160,4438,3079,4351,45,17,20,10
V1.UC8-0,74681,102559,1907,507,843,333,9392,6582,9223,185,38,75,25
V1.UC9-0,50932,69228,2636,321,1318,198,5490,3884,5440,156,17,76,12
CON-001,115273,155717,5535,927,3012,561,14009,9804,13366,463,62,259,40
CON-002,71804,97766,2178,470,1047,290,10572,7305,10436,202,31,91,19
CON-003,61733,83705,3290,1248,1811,923,8125,5690,8021,301,90,168,70
CON-004,51112,76230,1193,399,647,256,10016,6962,10968,141,48,74,31
CON-005,103402,144079,8276,829,4582,566,12487,8798,12918,622,61,328,39
CON-006,88331,123433,8392,2698,5441,2184,12442,8643,12922,611,190,381,158
CON-007,63469,94805,1936,884,1144,641,11730,8070,12790,258,134,172,107
CON-008,53462,80222,2971,789,1713,537,8832,6172,10056,264,56,148,44
CON-009,41198,59600,1311,318,639,185,6474,4525,6680,140,26,77,12
CON-010,59835,84770,2922,1043,1653,753,8929,6292,9334,309,78,156,55
CON-011,36721,51314,1378,253,651,162,4795,3405,4905,134,13,63,9
CON-012,45763,65746,1885,1066,1272,862,7194,5008,7761,145,76,87,54
CON-013,31678,47164,965,418,577,292,4921,3429,5421,64,18,34,11
CON-014,47352,68216,1812,512,843,330,6781,4808,7352,185,46,85,31
CON-015,69594,95632,9857,2848,7795,2527,8392,6030,8699,1127,236,900,214
CON-016,53266,77083,4734,857,3105,606,7759,5385,8209,442,64,303,50
CON-017,75536,107630,2584,843,1380,589,11536,8110,12298,285,85,163,63
CON-018,62788,89388,1636,434,873,271,9829,6968,10226,171,36,99,24
CON-019,44754,64305,2499,806,1526,588,7862,5412,8388,305,77,187,57
CON-020,39082,53161,1655,328,833,233,4563,3225,4620,142,18,67,15
CON-021,75290,103505,2656,510,1202,338,11206,7785,11332,272,37,128,26
CON-022,73826,104747,2869,556,1402,359,10587,7412,11348,244,31,136,22
CON-023,77937,111064,4397,2060,2981,1822,11197,7752,11700,553,317,435,300
CON-026,73422,107416,2380,520,1046,298,11514,8093,12483,245,44,94,28
CON-027,28707,39777,1307,383,718,268,3328,2374,3419,127,26,64,19
CON-028,66494,93363,4736,1931,2944,1553,8315,5902,8757,384,110,216,86
CON-029,61099,89469,3189,720,1812,510,9724,6830,10821,331,66,188,48
CON-031,57822,82877,3659,767,2275,585,9873,6895,10376,526,83,339,59
CON-032,47355,67286,3554,358,2240,256,6497,4575,6945,223,30,137,20
CON-033,51518,72775,1771,275,811,180,6981,4947,7416,161,21,82,16
CON-034,77103,109405,3156,496,1420,333,10629,7411,11242,282,29,123,16
CON-035,56904,77982,2858,696,1618,444,6898,4826,6937,231,40,124,26
CON-036,85682,120547,2752,638,1554,413,12466,8720,13136,242,57,118,30
CON-037,32157,45212,1490,271,699,187,4611,3197,4742,189,32,93,24
CON-038,76112,103672,3649,985,1942,674,10135,7117,10306,349,70,154,41
CON-039,60404,85125,2072,675,1117,456,8248,5819,8687,141,43,76,31
CON-040,67632,93908,2738,871,1440,566,9078,6426,9444,280,66,150,43
CON-041,93374,133634,8911,964,5282,695,13351,9357,14095,703,60,381,46
CON-042,56835,81606,1816,411,814,268,8701,6081,9095,161,33,67,25
CON-043,106661,146088,4325,868,2279,583,12187,8565,12152,325,55,166,35
CON-044,70142,97186,3034,735,1570,503,9016,6372,9259,284,65,145,44
CON-045,57244,84747,1846,586,991,341,10122,6982,10978,203,47,127,36
CON-046,33311,47642,1063,334,562,202,5422,3683,5651,103,27,59,17
CON-047,43023,62027,1404,320,635,197,6241,4343,6652,120,29,47,13
CON-048,54627,77111,1922,744,1203,524,9022,6201,9298,195,49,127,35
CON-049,66955,97494,2289,499,1152,337,11696,8060,12500,301,55,161,41
CON-050,44642,61806,3156,1168,1833,811,5685,4034,5991,284,96,178,72
CON-051,43789,65858,2479,1661,1873,1457,7294,5046,8279,176,101,131,91
CON-052,93271,126814,3840,766,1871,514,11443,8111,11207,322,47,145,31
CON-053,82887,117800,4510,1146,2755,926,11287,7853,11985,294,43,154,29
CON-054,66210,96011,2205,474,1078,298,8916,6342,9645,214,34,96,21
CON-055,63436,85433,6225,1891,4216,1439,7263,5097,7227,260,95,176,73
CON-056,87577,123594,3678,808,2056,497,11468,8104,11819,252,54,123,26
CON-057,67371,95980,2094,525,1057,328,9848,6877,10286,196,40,93,25
CON-058,54812,75288,1160,384,548,238,7096,5066,7178,98,35,53,21
CON-059,51027,77494,2381,494,1186,346,8670,6005,9489,254,55,137,39
CON-060,68821,103234,10798,2896,7127,2078,9601,6807,10784,1094,261,717,184
CON-061,41927,60007,7438,3192,4937,2695,5435,3862,5939,715,233,455,198
CON-062,34922,48439,1844,638,954,481,4166,2971,4462,213,54,105,40
CON-063,48973,68408,1157,352,573,239,5349,3852,5477,96,24,49,19
CON-064,34688,49393,1013,348,540,230,4475,3125,4793,56,21,29,12
CON-065,95398,139312,3813,1052,2079,705,16255,11237,17428,378,91,197,53
CON-066,78253,112668,4081,851,2003,595,10530,7447,11188,371,57,189,43
CON-067,54602,77553,2530,729,1481,561,7306,5161,7674,288,64,165,51
CON-068,56990,79954,5474,3757,4411,3533,7523,5261,7572,431,263,340,245
CON-069,69880,96714,3519,984,2114,684,8694,6154,8891,324,65,188,49
CON-070,70556,101087,2226,589,1222,397,9683,6828,10144,246,58,141,39
CON-071,44707,62861,1410,418,737,281,5311,3868,5740,143,40,76,27
CON-072,39020,56776,1218,346,579,230,5299,3668,5909,155,34,68,23
CON-073,79613,108483,6034,777,3445,534,7473,5419,7663,366,42,194,28
CON-074,44869,65239,965,285,504,203,7137,5018,7743,89,18,44,11
CON-075,70595,102239,2525,510,1417,368,10747,7538,11836,190,28,107,19
CON-076,103275,149495,4383,723,2116,491,13422,9663,14859,391,53,196,35
CON-077,68184,96396,2605,727,1533,510,9711,6809,10109,167,52,84,32
CON-078,74562,108622,2268,546,1062,355,10819,7597,11842,224,56,112,40
CON-079,29970,42289,1935,674,1227,493,4647,3197,4755,172,66,114,54
CON-080,60748,88168,1443,609,823,452,10691,7375,11146,135,66,82,55
CON-081,60763,88305,2696,663,1577,456,10043,6971,11110,242,65,126,51
CON-082,44371,61806,2212,355,982,241,6190,4270,6254,209,26,98,18
CON-083,74785,103987,6979,882,4282,636,9736,6839,9811,610,59,383,49
CON-084,65609,96584,3117,431,1636,292,10891,7560,11633,289,44,165,32
CON-085,70006,95970,3083,690,1488,446,8846,6286,9069,236,48,111,32
CON-086,48993,71804,3208,1152,2198,901,8493,5893,9212,318,96,236,77
CON-087,12010,17306,528,151,251,90,1949,1349,2075,56,19,33,15
CON-088,48066,67833,2157,585,1373,449,7429,5194,7619,265,70,195,58
CON-089,57158,78271,2220,431,1210,291,7944,5655,8153,157,36,77,21
CON-090,69877,100317,2667,832,1478,597,11439,7965,12095,263,82,139,55
CON-091,32163,46291,1919,288,1344,197,5153,3636,5602,84,18,45,7
CON-092,74792,105168,2456,1166,1463,859,11541,7990,11943,195,80,123,63
CON-093,53847,74506,2170,517,1111,336,7254,5041,7166,219,36,115,26
CON-095,78423,111975,2355,584,1190,390,13047,9039,13701,279,58,141,45
CON-096,60405,87275,7836,3193,5850,2883,9673,6661,10386,1300,507,993,469
CON-097,69534,97834,2359,829,1336,556,9691,6789,10021,167,49,98,29
CON-098,119686,168916,4605,1195,2442,838,15733,11013,16311,409,96,225,74
CON-099,69922,101885,3728,605,2095,424,10450,7364,11196,439,54,244,36
CON-101,78151,111421,2657,550,1378,354,11557,8006,12053,255,32,143,25
CON-104,59028,84829,6878,2877,5345,2604,9757,6809,10172,716,327,536,294
CON-105,33242,47271,1656,387,896,299,4426,3139,4746,123,22,61,15
CON-106,59026,86534,2207,761,1108,483,9632,6768,10554,251,89,125,59
CON-107,52691,73878,2894,609,1342,424,7427,5235,7679,357,53,180,37
DLF001,27492,39837,1307,407,698,267,5416,3685,5591,171,60,102,39
DLF002,36372,50095,1490,535,758,346,5407,3732,5457,153,56,89,38
DLF003,39966,53101,3742,437,1746,302,5302,3706,5044,452,56,212,44
DLF004,46807,64766,2009,742,1124,557,6889,4769,6764,220,83,132,66
DLF005,65645,90038,3968,626,1832,386,9471,6509,9110,486,63,237,38
DLF006,50686,69178,1743,394,671,229,6189,4353,6235,216,24,65,15
DLF007,31828,46460,2094,556,1367,393,5796,3987,6131,213,84,135,61
DLF008,36751,54080,2159,782,1247,539,6482,4488,6809,300,93,175,72
DLF009,36825,51280,3348,1110,1801,836,4433,3136,4499,236,51,93,36
DLF010,53223,73870,3335,471,1727,311,6802,4808,6878,332,42,179,29
DLF012,36173,52012,5810,2472,3951,1951,5454,3807,5949,614,199,407,156
DLF013,54393,74376,2201,908,1242,639,7122,4963,7138,194,77,100,52
DLF014,37597,56539,6893,1510,5122,1209,5923,4147,6546,701,122,497,93
DLM001,76549,108830,6045,1462,3445,1110,11649,8174,12322,478,96,256,72
DLM002,67909,93299,2970,629,1460,443,9917,6954,9720,358,81,182,65
DLM003,48747,65089,3827,682,2117,492,7366,5111,6961,331,38,169,27
DLM004,32643,46822,692,266,389,159,6154,4174,6115,101,35,60,23
DLM005,52153,70846,2331,484,1008,289,6605,4631,6388,205,31,79,17
DLM006,48792,66400,2011,450,922,278,6733,4735,6686,252,47,118,29
DLM007,49622,66550,1391,443,646,262,7157,5011,6875,145,40,70,26
DLM008,50984,70543,4686,1361,2585,1044,6325,4438,6434,460,148,255,119
DLM009,32445,47159,4203,2635,2931,2140,5379,3754,5771,590,346,393,271
DLM010,56395,76770,2362,1021,1425,738,7742,5439,7840,265,102,168,71
DLM011,40347,55765,1414,507,652,330,5909,4110,5839,134,41,54,30
DLM012,43870,58768,5180,3349,3695,2682,5983,4223,5807,582,443,420,359
DLM013,72201,100761,12782,2861,9351,2479,9240,6502,9480,865,218,576,175
DLM014,72494,100752,7267,783,4747,553,10658,7448,10710,716,89,474,60
DLM015,51168,72209,1733,553,998,406,8459,5835,8535,185,58,104,38
DLM016,59675,82955,2763,1291,1697,1106,8314,5865,8721,239,62,111,46
DLM017,52136,71792,1772,506,756,271,7202,5069,7128,171,38,67,18
DLM018,51407,70957,4786,961,2897,719,6524,4564,6504,455,92,292,75
DLM019,70631,99099,8877,944,5353,703,7646,5467,7785,618,75,361,61
DLM020,48406,71437,1138,500,693,344,9513,6516,10072,103,44,74,35
DLM021,47703,66288,1025,383,469,231,7166,5045,7428,89,37,50,30
DLM022,110245,155811,12841,1428,6736,987,15238,10591,15698,1222,128,678,87
DLM023,67629,91027,2443,676,1203,444,8343,5862,7970,191,52,84,29
DLM024,21795,34075,2919,673,1725,477,3006,2143,3628,382,67,215,49
DLM027,37709,53035,3583,1999,2533,1697,5639,3903,5764,505,288,387,263
DLM028,61711,86692,3612,2192,2588,1906,7762,5478,8106,329,169,240,153
DOF002,42275,58428,3328,316,1168,192,5861,4082,5983,303,13,85,6
DOF003,77117,105799,3092,741,1669,517,11331,7862,11244,323,76,170,55
DOF004,62645,88139,5672,1111,3944,882,10051,7056,10682,791,111,600,98
DOF006,42564,60942,2103,941,1140,615,6495,4508,6940,295,117,154,76
DOF007,33142,46936,1154,379,655,277,5966,4124,6116,114,30,66,22
DOF008,53112,74301,6153,3168,4365,2622,7616,5373,7847,751,396,562,347
DOF009,51044,69564,1705,371,830,237,7127,4940,6999,164,35,76,23
DOF010,37654,51811,3778,1208,2589,983,5592,3890,5445,383,170,279,142
DOF011,18341,26675,733,227,439,169,3390,2356,3631,98,21,60,20
DOF012,38057,56512,5051,2019,3532,1598,6346,4360,6560,671,222,474,178
DOF013,37350,55102,1306,495,704,328,6293,4326,6463,136,39,72,30
DOF014,42439,58667,1706,354,831,230,6216,4341,6333,128,31,59,21
DOM001,69878,94400,2708,561,1367,359,9460,6637,9315,181,34,101,24
DOM003,29024,40500,2057,784,1138,582,4101,2920,4281,249,87,139,71
DOM005,38294,55598,10177,4629,8299,4301,6845,4690,7090,1747,676,1461,643
DOM008,42257,60570,1215,359,587,240,7256,4998,7458,151,33,82,24
DOM010,63888,93014,2783,673,1669,485,10976,7508,11516,386,106,268,86
DOM012,52982,76506,14176,3630,9779,2974,6752,4784,6914,1055,246,703,198
DOM013,74727,102367,3539,627,1728,420,10914,7612,10743,446,49,236,28
DOM014,42601,61130,2050,524,886,342,5712,4027,5606,186,47,78,30
DOM015,37523,54676,2854,629,2084,524,6024,4224,6500,216,49,147,43
DOM016,62649,88342,2176,667,1137,432,9780,6912,10126,333,81,163,51
DOM017,50352,74062,2271,936,1139,633,7966,5593,8237,290,98,142,65
DOM018,50314,71018,2598,458,1493,315,6960,4926,7416,180,33,96,20
DOM019,71473,98606,5322,1352,3215,1080,9289,6465,9289,444,93,248,74
DOM020,29646,42128,896,227,475,157,5179,3551,5249,100,16,51,12
DOM021,42102,57091,1426,277,648,174,6395,4416,6177,164,20,63,15
DOM022,61001,89204,8050,2119,5862,1711,10716,7371,11296,1035,264,764,226
DOM023,23775,34600,806,193,351,119,4606,3167,4734,89,17,42,12
DOM024,35075,49701,1279,261,480,164,5614,3823,5692,127,15,52,11
DOM025,52566,75023,2186,810,1111,531,6908,4924,7010,164,72,79,49
DOM026,64164,87273,6336,976,3999,736,9544,6672,9674,702,95,400,74
ED10A,113428,164189,8209,3009,5000,2559,18604,12892,19821,668,162,370,132
ED11A,38371,53335,1909,653,1036,430,5136,3629,5248,169,56,92,38
ED16A,111135,160996,9859,1165,6070,887,16316,11382,17563,975,106,612,90
HT14A,89991,133953,24129,2521,16738,1891,13127,9216,14680,1889,210,1274,150
HT25A,96811,139322,13101,3271,8955,2617,12082,8714,13495,1060,201,711,158
HT8A,78104,112523,7311,2503,5261,2001,11388,7936,12202,767,245,545,195
N075A,90821,128463,3629,783,2218,533,13072,9198,13544,454,69,310,56
N104A,62632,87234,2272,710,1235,480,8686,6109,9118,211,58,118,41
NLF001,39920,54284,1351,484,809,362,5726,3966,5750,143,45,84,33
NLF002,34989,49376,2065,1021,1423,861,5748,4012,5983,355,186,268,168
NLF005,53857,74558,3289,329,1776,229,7166,5076,7275,371,36,232,30
NLF006,32612,45886,3885,994,2422,770,4381,3096,4346,431,93,275,77
NLF007,79157,109089,8359,832,4581,596,9782,6861,9776,674,80,303,51
NLF008,43314,64031,958,308,466,189,7757,5369,8334,112,21,54,13
NLF009,58926,78495,1313,368,575,212,7687,5381,7286,113,23,51,15
NLF010,31106,42771,557,157,245,91,5369,3741,5296,76,21,39,15
NLF011,42736,63366,2311,709,975,365,7801,5435,7956,261,87,114,53
NLF012,50881,76044,1936,448,1025,290,8291,5860,9033,210,38,98,20
NLF013,69444,96182,4886,1134,2802,855,10108,7063,10290,543,146,317,113
NLF014,32629,47899,913,501,508,335,5477,3768,5540,90,44,49,28
NLF015,42257,60258,855,340,427,206,6871,4827,7309,80,29,44,16
NLM001,30848,43020,1508,252,726,176,4927,3403,4963,173,33,96,25
NLM002,35637,47832,1180,390,668,249,4487,3106,4430,107,29,59,16
NLM003,25932,37005,1104,570,532,369,4103,2867,4167,115,55,63,37
NLM004,59214,79629,4782,1445,2717,1124,7949,5658,7814,535,124,299,93
NLM005,40873,58628,1562,673,747,406,5531,3898,5478,153,58,66,28
NLM006,86276,118084,4044,1337,2219,951,13149,9047,12813,438,101,220,70
NLM007,46209,65220,2252,740,1334,578,7266,5007,7456,214,66,108,53
NLM008,37868,52464,1080,358,507,242,6203,4323,6258,115,34,45,21
NLM009,23897,32636,854,166,408,95,3652,2575,3552,105,16,49,10
NLM010,68879,97656,2886,717,1571,524,10498,7308,10888,245,64,137,43
NLM015,43845,64320,2180,755,1048,458,6393,4517,6636,209,49,96,31
NLM016,17310,23080,1666,259,715,150,2353,1668,2318,232,23,99,15
NLM017,51310,72277,1619,558,853,362,8601,5931,8584,180,60,102,40
NLM021,78246,109101,3112,650,1621,435,10318,7306,10534,297,67,159,47
NLM022,65881,91554,2774,751,1454,471,8904,6340,9250,243,49,131,35
NLM023,77653,107437,6125,2700,4368,2256,12121,8421,12100,926,424,733,372
NLM024,34021,48158,1506,266,678,174,5539,3797,5589,145,22,55,12
NLM025,30606,41906,2236,201,899,114,4239,2977,4188,269,15,130,8
NLM026,75194,105011,5814,622,3198,419,10208,7150,10413,780,57,450,41
NLM027,62405,87583,15642,10698,12447,9454,8899,6272,9420,1285,853,991,739
NLM028,53101,73577,1574,517,781,337,7579,5311,7737,168,44,83,29
NLM029,73144,103153,4555,482,2372,302,10432,7342,10827,645,40,337,25
NLM031,70867,97434,4774,1936,2849,1551,9508,6725,9595,417,159,242,127
NLM032,85844,117682,4790,1752,2712,1358,12198,8594,12174,601,151,322,110
NOF001,44955,61255,1825,247,657,145,6789,4704,6587,213,14,68,8
NOF002,38423,54781,1577,574,924,425,5676,3964,6048,140,42,85,34
NOF004,45531,65097,1311,353,577,189,7027,4917,7118,122,26,56,15
NOF005,76085,104863,2357,735,1193,439,10986,7664,10800,268,52,140,33
NOF006,46940,64993,949,277,411,191,7720,5269,7529,124,34,52,24
NOF007,50945,69783,1366,452,654,282,8028,5541,7859,149,38,74,29
NOF008,84664,116422,8224,2023,5005,1644,10571,7390,10435,561,101,319,78
NOF009,39917,56094,2915,1824,2088,1526,6817,4710,6963,537,413,438,372
NOF010,70766,96582,5560,1613,4030,1360,9857,6938,10012,858,222,663,202
NOF011,45308,61503,1172,297,566,190,6290,4399,6185,106,23,51,15
NOF012,61780,82109,2270,596,1018,336,8447,5886,8041,215,46,90,23
NOF013,64029,87786,7253,2816,5382,2533,10408,7204,10206,1220,466,969,435
NOF014,65571,91387,2928,388,1233,264,8564,6027,8537,345,34,157,26
NOM001,31891,42417,1208,274,475,160,3477,2478,3371,98,20,39,14
NOM002,57101,83290,1982,553,994,379,10012,6925,10625,265,56,135,39
NOM004,40851,58392,3947,2417,2739,2014,6874,4789,7174,420,257,290,212
NOM005,61942,84886,2333,710,1117,447,8260,5850,8323,212,53,102,31
NOM007,49984,67792,2009,281,962,175,7358,5114,6978,210,21,88,14
NOM008,42542,58543,1766,447,970,305,6402,4418,6303,214,34,117,24
NOM009,78131,108964,2861,881,1570,590,10793,7592,11285,291,83,158,56
NOM010,54368,76906,1532,487,817,319,8368,5900,8701,189,39,92,28
NOM012,59277,79079,2562,370,1030,239,7505,5269,7163,297,29,99,16
NOM013,47411,66700,1745,254,687,155,6958,4852,7231,208,23,62,13
NOM014,44232,62968,1531,279,571,174,7084,4960,7365,131,17,56,13
NOM015,45225,62382,518,278,256,167,6493,4543,6521,33,16,16,9
NOM016,65841,87476,1699,427,737,260,8740,6146,8412,150,32,65,22
NOM017,39939,53563,1632,356,833,238,4995,3560,4874,167,37,83,28
NOM018,64377,89797,2892,869,1637,647,10514,7234,10469,349,74,206,57
NOM019,55101,76366,1674,309,688,177,6664,4746,6876,175,22,69,13
NOM020,49818,68652,2655,1166,1731,889,7071,4944,7224,207,85,120,70
NOM022,41936,58330,2826,386,1401,262,7281,5023,7131,374,49,183,38
NOM023,35359,53872,5781,2939,4286,2622,7052,4814,7383,822,386,592,346
NOM025,40039,57813,1165,381,599,262,6288,4420,6596,107,36,55,25
NOM026,65193,92584,7990,2343,5506,1884,9875,6880,9861,1040,247,737,200
NOM027,35164,50875,2219,531,1004,327,5458,3786,5686,232,42,97,21
NOM028,61489,85007,2399,660,1149,407,9213,6418,9471,268,55,126,30
NOM029,51321,71009,1509,597,795,408,8257,5718,8149,195,74,105,49
SZEY 101A,52037,72274,3238,577,1679,414,6393,4414,6543,302,56,152,43
SZEY 103A,67592,95910,3689,470,1628,307,7987,5682,8480,319,40,139,27
SZEY 104A,68955,97461,2900,764,1692,558,10039,7007,10686,248,68,147,49
SZEY 106A,86009,121436,2794,578,1444,385,11597,8171,12257,216,42,109,27
SZEY 90A,29339,41269,1227,342,560,232,3967,2784,4220,151,30,71,23
SZEY 93A,36258,49774,4743,241,2844,169,3412,2469,3519,380,16,245,11
SZEY 95A,24087,35758,885,410,487,290,4122,2888,4499,60,14,34,11
SZEY 97A,67320,94224,6117,688,3351,505,8587,6012,8684,445,56,224,45
SZEY 99A,41210,54936,2820,603,1550,426,4531,3259,4706,350,70,187,48
T2D 189A,98257,134915,4136,677,2014,445,10849,7716,10881,271,40,131,27
T2D 192A,55674,76177,1639,784,998,602,6678,4709,6926,120,45,75,40
T2D 195A,51862,73307,1837,508,1020,337,7389,5193,7948,188,38,99,21
T2D 198A,111963,157490,3345,897,1722,581,16284,11329,17145,248,62,116,35
T2D 206A,56322,79347,948,310,490,186,8095,5711,8583,75,26,35,15
T2D 207A,53276,75743,1794,384,849,240,9040,6273,9485,198,33,86,19
T2D-001,102685,140619,6373,1054,3842,739,13082,9159,13101,420,58,250,39
T2D-002,56330,83144,1451,453,644,279,10413,7073,11169,210,62,71,34
T2D-003,86234,120998,13459,6860,9903,5985,12486,8715,13340,2071,1136,1604,1024
T2D-004,74643,105130,3219,1493,2057,1186,11009,7693,11606,244,99,154,79
T2D-005,51144,73487,2604,722,1806,520,7564,5373,8060,240,55,166,39
T2D-006,47198,65300,1949,450,953,278,5804,4098,5893,195,33,102,23
T2D-007,40150,56821,1663,689,941,517,6636,4575,6761,158,59,97,51
T2D-008,69810,96066,3699,509,1648,337,9084,6351,9212,246,35,99,19
T2D-009,72523,99047,2789,457,1496,301,10361,7250,10272,215,43,119,28
T2D-010,48618,70094,2247,653,1263,451,7318,5139,7848,132,37,68,28
T2D-011,83630,115989,2955,792,1536,556,10694,7502,11123,190,54,103,42
T2D-012,101157,144048,4160,571,2023,359,13275,9319,14230,344,38,165,26
T2D-013,85054,124890,2574,623,1243,386,12998,9129,14213,221,44,113,32
T2D-014,47278,70197,4968,2745,3477,2253,7448,5243,8465,420,166,260,131
T2D-015,113131,157691,4428,1132,2309,737,15140,10598,15477,311,55,166,42
T2D-016,68845,97103,8439,2182,5771,1634,9874,7010,10702,805,195,561,150
T2D-017,57605,79624,5316,1660,3842,1384,8221,5767,8442,400,108,272,94
T2D-018,71020,99534,2458,891,1307,638,8948,6336,9193,177,47,87,31
T2D-019,66076,95260,5094,1585,3075,1145,8937,6282,9798,451,147,269,109
T2D-020,39386,55255,10595,3512,8152,2996,5315,3743,5787,767,282,511,229
T2D-021,64929,89794,1793,542,947,379,7840,5533,8219,113,31,62,16
T2D-022,81488,117124,6781,4333,4995,3718,12911,8962,13545,533,332,357,276
T2D-024,142863,206302,18221,6074,11643,5401,19153,13598,20504,1785,437,1113,379
T2D-025,90177,128837,1770,533,881,328,13129,9280,13812,150,44,68,27
T2D-026,83699,114413,4825,843,2703,590,9817,6937,9954,352,72,186,58
T2D-028,50681,76311,2403,742,1386,521,9002,6194,9901,268,87,171,69
T2D-029,62436,87972,5189,1910,3673,1510,8354,5977,8884,635,167,478,123
T2D-030,66152,93549,4077,542,2111,371,8571,6028,9166,326,32,170,21
T2D-031,52798,74429,1550,531,766,303,8067,5652,8385,140,41,70,28
T2D-036,74116,101788,3004,482,1315,282,8557,6082,8784,222,28,77,14
T2D-039,79606,112885,3179,1122,1785,754,10262,7237,11046,268,100,147,67
T2D-040,58161,78316,3617,807,1828,593,7427,5273,7331,379,58,174,44
T2D-041,101320,143091,6748,1376,3942,1035,14072,9838,14837,504,81,261,66
T2D-042,105237,150942,4354,953,2229,606,15401,10814,16633,391,61,199,46
T2D-043,151526,215963,8645,1493,4821,1124,21622,15139,22711,686,100,372,73
T2D-044,31893,46888,8527,1369,6376,1278,6275,4287,6597,1181,205,886,198
T2D-045,73119,108549,9701,3070,6870,2726,14156,9657,15179,1023,260,724,228
T2D-046,49029,71209,1425,450,769,303,8220,5720,8657,146,34,85,24
T2D-047,64321,98835,1989,578,1095,393,12508,8635,14129,198,42,113,32
T2D-050,114950,160856,4928,1157,2837,807,15024,10544,15292,438,92,287,71
T2D-051,103534,143597,5547,1559,3743,1273,15038,10530,15265,793,291,603,254
T2D-052,59033,84916,4347,1489,2821,1137,8580,6118,9380,590,197,383,157
T2D-053,39573,58061,1739,263,872,183,6411,4489,7133,222,16,115,13
T2D-054,65502,93459,7718,4230,5967,3904,11112,7692,11958,607,193,392,164
T2D-055,63847,92410,1886,437,945,284,10773,7561,11649,228,41,125,23
T2D-056,82387,116759,5888,1884,3604,1480,11099,7809,11738,506,134,297,101
T2D-057,57323,81630,3532,911,1942,614,8002,5546,8562,216,53,103,39
T2D-058,94421,130636,4210,1777,2396,1339,14112,9905,14559,392,143,236,118
T2D-059,105056,148193,6300,696,3604,474,13834,9848,14289,483,58,258,42
T2D-060,75755,102867,6565,872,4183,603,8907,6283,8968,381,56,231,37
T2D-062,133073,190040,6395,2288,3844,1832,19310,13565,20339,657,238,417,200
T2D-063,80467,115508,4188,847,2817,589,12862,9026,13717,333,87,219,60
T2D-064,106704,149692,5495,1271,3252,905,13724,9654,14250,499,101,319,78
T2D-065,86473,124666,7148,2608,4793,2305,13006,9105,13795,870,385,636,355
T2D-066,113373,153479,13017,3646,9061,3164,12410,8799,12262,978,377,711,342
T2D-067,70934,102535,7872,2783,5887,2308,9891,6990,10799,902,315,706,274
T2D-068,96790,141627,5177,1048,3248,771,15231,10633,16325,392,73,235,54
T2D-069,48903,70841,904,320,423,191,7888,5425,8362,83,29,37,16
T2D-070,92730,130996,10793,2318,6995,1824,12433,8736,12770,730,133,478,112
T2D-071,56144,80223,2882,769,1729,518,8410,5897,9081,248,77,160,61
T2D-072,81009,115465,6831,1360,4611,1082,11599,8097,12166,663,124,467,109
T2D-073,67359,93009,6712,968,3677,671,8830,6194,9037,813,74,472,60
T2D-074,59732,87185,5279,1941,3554,1587,10193,7006,10770,554,184,389,158
T2D-075,108058,155726,21632,2985,14835,2535,11166,7912,12048,1181,142,761,120
T2D-076,54826,79875,2157,1192,1171,752,9238,6401,10217,149,70,75,43
T2D-077,98401,136024,5876,1099,3266,690,13301,9338,13639,493,88,253,56
T2D-078,61910,90539,2842,1046,1782,777,10436,7328,11262,367,114,257,95
T2D-079,92879,126621,3568,1592,2202,1288,12272,8528,12393,445,229,316,203
T2D-080,77190,108870,5515,779,3973,578,11623,8124,12226,562,65,391,44
T2D-081,86030,122176,4220,1177,2474,855,13492,9367,14104,497,86,295,53
T2D-082,91873,128052,3816,892,1884,640,12899,8939,12920,381,97,213,78
T2D-083,37067,58009,1055,340,527,200,8024,5505,9013,102,36,47,23
T2D-084,84760,118945,3221,740,1736,515,11508,8013,11734,263,45,151,35
T2D-085,127873,180639,6597,1174,3336,817,16143,11394,16843,562,59,281,42
T2D-086,52078,74451,4232,1033,2112,693,7503,5317,8027,471,107,252,70
T2D-087,50237,71187,2575,657,1480,429,6419,4533,6736,196,34,119,23
T2D-088,62691,92352,3329,1458,2116,1123,10651,7454,11649,304,138,197,108
T2D-089,80683,114328,8337,1426,5549,1169,11931,8400,12615,534,95,326,77
T2D-090,96994,135689,9945,4483,7316,3884,13194,9281,14023,813,353,598,310
T2D-091,76308,110136,4642,1098,2992,830,10859,7593,11475,328,90,217,69
T2D-092,76218,112753,24880,12373,19414,10861,11133,7765,12242,2484,1220,1962,1073
T2D-093,94682,135141,2730,632,1394,437,14883,10281,15243,256,45,114,32
T2D-094,89808,127453,2259,551,1058,322,14253,9946,14988,225,38,107,25
T2D-095,18913,24339,2317,813,1651,643,1252,945,1236,185,54,119,39
T2D-096,98779,141632,13041,4073,8982,3534,13967,9872,14857,1251,512,911,473
T2D-097,55981,78508,3280,599,1455,397,7633,5351,7968,394,43,153,27
T2D-098,61921,85694,1969,604,1081,417,8185,5755,8493,171,46,97,32
T2D-099,100083,148457,7480,1167,4525,829,15337,10783,17014,615,77,327,54
T2D-100,128375,183800,10791,1565,5345,1137,18605,12951,19570,813,127,385,98
T2D-101,29917,46255,5164,3160,4007,2863,4028,2878,4726,514,308,409,287
T2D-102,43396,62878,17514,6576,13445,5952,5429,3819,5796,1816,846,1401,778
T2D-103,79037,115672,5088,2145,3224,1727,12175,8557,13253,444,168,256,127
T2D-104,66002,96966,10560,1251,7979,1049,9393,6574,10163,702,114,526,95
T2D-105,128203,180304,19353,3126,11348,2419,18049,12660,18827,998,121,553,90
T2D-106,70644,96639,10449,3239,6033,2568,8616,6098,8770,327,173,204,136
T2D-107,83696,119541,11070,2274,6469,1738,12271,8541,12710,350,36,189,19
T2D-108,94394,136154,2680,627,1435,405,15509,10774,16437,311,44,174,27
158256496-stool1,127057,174386,11448,950,6863,634,16575,11668,16863,965,74,550,41
158337416-stool1,157856,225630,22558,2670,13602,2121,21604,15234,22877,2638,374,1707,326
158337416-stool2,121724,174691,8994,982,5680,666,15741,11204,17001,532,45,301,28
158458797-stool1,88570,121775,28221,833,18298,664,9531,6751,9455,1601,69,1001,50
158479027-stool1,105158,151023,12727,1061,7997,724,13655,9660,14743,903,68,504,51
158499257-stool1,162875,229657,27357,1502,15763,1090,22434,15707,23505,2410,102,1362,85
158499257-stool2,155370,216950,24389,1119,16640,800,19791,13929,20531,1707,76,1143,57
158742018-stool1,94176,136292,5710,936,3303,690,13762,9696,14847,480,67,284,53
158802708-stool1,128810,181294,15969,1264,9111,894,20200,14050,20628,1660,107,966,78
158802708-stool2,123074,172993,7380,1059,4850,792,17942,12576,18541,560,68,379,50
158883629-stool1,21363,32628,776,255,391,162,3927,2738,4329,53,16,29,13
158924089-stool1,48585,69297,2065,694,996,454,7793,5354,7942,265,80,127,47
158944319-stool1,98753,139913,13264,1030,8548,792,13070,9223,13691,1223,104,845,86
158944319-stool2,64941,89491,1326,317,608,189,7722,5441,7689,61,11,23,5
159005010-stool1,65636,92136,1576,501,759,318,9939,6950,10226,144,43,68,29
159146620-stool1,29964,41907,933,511,586,362,5071,3502,5304,120,65,79,50
159166850-stool1,104420,143457,9241,640,5243,414,15095,10493,15284,948,48,521,31
159207311-stool1,133437,186778,8890,579,4515,365,18010,12601,18520,804,37,416,22
159207311-stool2,157252,224228,5147,804,2270,498,23190,16119,24800,446,52,226,38
159227541-stool1,62668,88881,2030,393,911,255,10657,7349,10915,249,33,102,24
159227541-stool2,121428,173184,8023,2399,3961,1543,18759,13109,19943,634,133,292,89
159227541-stool3,91340,128610,4274,356,2461,215,14820,10224,15200,348,15,198,5
159247771-stool1,69389,98322,6589,608,4136,400,10577,7361,10926,575,40,375,29
159247771-stool2,55960,83768,3343,398,1858,283,9078,6327,10014,201,19,109,10
159268001-stool1,111035,156252,17344,1308,8783,955,14631,10259,15387,1286,77,683,59
159268001-stool2,111669,158263,16636,571,6664,325,15235,10829,16116,1198,36,527,23
159369152-stool1,39432,57679,1556,379,664,207,6585,4530,6943,152,36,65,22
159369152-stool2,34985,51711,1066,374,508,178,6305,4363,6922,71,21,37,11
159490532-stool1,64793,90577,1172,328,520,198,9509,6638,9893,76,20,33,14
159490532-stool2,74886,108136,2444,556,1166,367,11782,8215,12768,242,44,107,29
159510762-stool1,37322,53580,788,196,278,99,6240,4337,6451,97,23,33,14
159510762-stool2,68165,101930,1707,330,776,183,12663,8740,13801,211,21,100,13
159551223-stool1,126650,173758,8345,2582,5089,2113,14095,9957,14272,457,122,280,98
159551223-stool2,111416,154652,2433,513,1329,332,13875,9772,14064,162,25,84,15
159571453-stool1,91449,127108,6404,1804,4501,1504,15372,10621,15515,744,222,517,190
159571453-stool2,155254,216252,10951,1202,5648,869,20478,14321,20926,719,64,327,47
159591683-stool1,21380,31731,406,175,188,111,3986,2810,4373,34,16,15,9
159591683-stool2,33234,48166,1229,221,500,135,5661,3936,6145,77,11,26,5
159611913-stool1,91086,127912,2599,575,1153,362,14192,9849,14577,277,45,127,28
159611913-stool2,81866,112210,2066,481,915,295,11538,7986,11206,166,36,67,22
159632143-stool1,107560,149104,7675,1023,4665,738,13404,9495,13866,836,63,574,48
159713063-stool1,56673,80238,2350,673,1165,450,9068,6190,9201,267,79,156,59
159733294-stool1,109938,156175,6896,890,3503,530,16509,11572,17169,928,76,538,48
159753524-stool1,65874,90798,7411,1213,4719,948,8786,6175,8597,562,94,347,73
159753524-stool2,72199,106043,7178,863,4639,667,11597,8106,12728,720,116,508,91
159814214-stool1,74701,106651,2402,745,1212,483,9918,6981,10426,177,55,77,33
159814214-stool2,64472,92921,2022,1165,1325,948,10219,7183,10927,121,74,81,62
159915365-stool1,15361,20257,294,123,140,80,1781,1255,1630,28,10,12,7
160158126-stool1,52425,75179,866,300,327,162,9365,6461,9700,96,26,37,16
160158126-stool2,84912,121429,3285,464,1654,313,13241,9267,14132,191,35,86,21
160178356-stool1,85456,122581,2847,688,1372,466,11469,8111,12031,219,46,96,30
160218816-stool1,91729,129199,3382,763,1700,498,11562,8139,12279,213,50,109,31
160319967-stool1,76835,110047,1842,529,822,346,13195,9106,13833,205,41,74,28
160400887-stool1,181004,248201,28528,1941,17322,1339,23141,16261,23216,2355,149,1433,106
160421117-stool1,45962,65899,1358,495,750,326,7445,5172,7915,102,41,56,26
160502038-stool1,133315,186154,16375,4837,10167,3794,16421,11634,17235,946,331,539,248
160582958-stool1,84219,118307,4257,492,2004,271,13285,9164,13580,336,34,149,13
160603188-stool1,111573,154793,6459,545,3341,356,16086,11194,16429,696,44,414,28
160643649-stool1,65905,93189,1735,369,843,219,9889,6910,10417,116,26,50,20
160704339-stool1,134391,189480,12300,991,7173,647,17984,12676,19174,864,72,486,48
160765029-stool1,131158,184251,17305,3068,12013,2659,17108,12125,18243,2606,418,1991,388
246515023-stool1,37768,52957,1042,329,512,199,5539,3867,5751,110,30,51,21
246515023-stool2,29218,42920,1005,184,444,103,5359,3712,5678,96,17,40,11
338793263-stool1,24901,38613,1255,241,559,151,4812,3334,5477,121,25,52,15
404239096-stool1,70731,98709,3081,574,1210,331,9778,6879,10155,213,44,79,17
508703490-stool1,69570,102322,9186,801,4977,630,11555,8005,12449,748,54,382,42
550534656-stool1,46415,68141,1561,428,682,228,7880,5450,8491,150,40,61,18
604812005-stool1,88240,120852,1903,468,770,281,11637,8094,11610,173,42,79,26
604812005-stool2,89893,127344,6015,410,3655,246,13716,9564,14551,534,29,298,15
638754422-stool1,75847,109006,5997,408,3568,236,11980,8364,12881,774,28,495,18
638754422-stool2,66636,97846,1374,311,602,176,10944,7685,11968,114,14,52,6
675950834-stool1,91396,132033,4536,759,2606,528,14480,10045,15458,505,68,338,47
686765762-stool1,43633,60416,1262,256,504,140,5979,4134,6000,115,19,48,12
686765762-stool2,28462,41765,272,124,97,54,5151,3540,5398,16,8,9,4
706846339-stool1,141134,203424,7741,827,3565,530,20915,14529,22325,671,56,287,33
737052003-stool1,61095,88779,5151,686,2652,471,7551,5363,8226,321,43,132,30
763435843-stool1,63008,91230,2656,551,1294,356,10404,7239,11017,271,65,138,42
763496533-stool1,136595,188720,5814,925,2625,463,18971,13186,19031,600,91,271,39
763496533-stool2,147211,206110,7676,1138,4051,745,21708,15093,22346,663,72,359,44
763536994-stool1,72319,104222,2486,523,1308,343,11075,7686,11743,224,39,109,24
763536994-stool2,122185,169931,4095,1149,2103,785,16326,11437,16575,350,65,168,44
763536994-stool3,42513,60842,755,149,282,77,7240,5003,7561,97,14,31,7
763577454-stool1,135648,193543,5581,1042,2780,669,19900,13937,20843,464,73,205,42
763577454-stool2,140163,201234,5892,733,3361,525,21237,14766,22338,349,38,186,24
763597684-stool1,117868,164896,7231,936,4470,618,15578,10922,15886,981,81,696,53
763678604-stool1,140480,199179,9324,983,4954,668,19334,13449,20101,649,53,306,34
763678604-stool2,123857,166239,8977,702,3810,429,15374,10714,14678,632,47,248,30
763759525-stool1,65565,93326,4693,237,1346,130,10280,7200,10765,452,27,142,18
763759525-stool2,67568,98307,2497,444,1197,267,10194,7101,11189,131,21,59,18
763820215-stool1,35710,53940,1643,581,919,418,6210,4390,6917,154,62,86,43
763820215-stool2,43269,62315,1406,403,612,262,6991,4869,7526,103,23,38,15
763840445-stool1,90467,131504,3050,504,1346,288,14304,9973,15456,316,41,169,23
763840445-stool2,128460,184131,8031,770,4874,514,17447,12344,18783,517,48,301,32
763860675-stool1,139363,198200,14238,1128,9471,773,19902,13868,20606,1243,75,798,50
763860675-stool2,123451,173914,6003,597,3318,369,17929,12431,18302,563,54,329,29
763901136-stool1,117512,166615,5084,717,2768,454,15228,10703,16117,329,48,153,30
763901136-stool2,96308,136987,3143,404,1392,230,13156,9220,13899,258,23,109,15
763961826-stool1,63592,91823,1571,403,702,245,10228,7140,10872,96,22,40,9
763961826-stool2,81811,115506,1341,456,646,266,12369,8586,12665,125,33,67,25
763982056-stool1,91342,128100,5054,902,2830,644,13839,9622,13994,504,61,272,43
763982056-stool2,62692,86357,1679,253,898,124,10375,7143,10458,249,28,137,11
764002286-stool1,92429,130504,3094,676,1440,391,12611,8825,13136,277,62,126,37
764042746-stool1,36829,50498,399,147,161,78,5648,3838,5356,45,15,17,7
764042746-stool2,66996,92451,2719,314,1430,191,9550,6615,9421,206,13,93,8
764062976-stool1,115998,164898,15250,1508,9847,1252,14849,10434,15605,1130,95,668,74
764062976-stool2,132698,186739,8335,2068,4940,1717,17830,12455,18331,643,152,387,134
764143897-stool1,115611,166660,12636,1633,7761,1111,16240,11347,17327,1042,136,634,99
764143897-stool2,77835,111126,1314,355,514,191,11505,8014,12288,97,29,41,17
764184357-stool1,86312,126578,4096,424,1929,253,14268,9872,15682,394,31,174,22
764224817-stool1,141937,199411,5081,831,2561,528,20422,14263,21253,578,64,283,41
764224817-stool2,79052,109938,916,259,329,136,12260,8479,12345,76,28,29,14
764285508-stool1,108993,153643,6935,3555,4378,2850,15975,11197,16818,913,599,619,482
764325968-stool1,80312,115406,3355,522,1754,348,13965,9607,14517,339,45,181,36
764325968-stool2,98260,138953,4602,512,2223,317,16201,11232,16727,397,33,189,22
764447348-stool1,86658,125621,2189,548,1038,330,13942,9673,14785,194,45,96,33
764447348-stool2,96978,138207,9002,519,5636,317,12520,8812,12987,711,27,434,12
764487809-stool1,137481,200143,7004,891,3929,582,22524,15622,23961,1103,80,683,54
764487809-stool2,139207,196022,5955,452,1671,224,22164,15442,23097,421,36,150,18
764508039-stool1,45746,67424,1009,252,379,156,9131,6261,9758,124,30,49,22
764588959-stool1,122858,175857,23803,1859,16412,1507,19253,13460,20257,2357,186,1580,164
764649650-stool1,59408,83199,2590,332,1187,194,9123,6314,9637,201,19,70,12
764669880-stool1,47571,65962,4092,2195,2796,1783,6845,4753,6752,352,177,230,143
764669880-stool2,56805,82481,1096,288,516,167,9547,6650,10203,129,31,70,22
764811490-stool1,38388,56117,893,303,375,156,6314,4396,6780,83,29,30,16
764892411-stool1,69689,93769,2152,450,888,262,8702,6079,8318,159,28,65,14
765013792-stool1,49018,69416,3124,1159,1830,903,6467,4576,6980,230,80,131,60
765034022-stool1,52855,76506,2957,323,1520,194,8840,6123,9016,304,32,155,25
765074482-stool1,146608,200087,8077,910,4324,590,20199,13917,19935,904,77,485,50
765074482-stool2,123224,174063,3297,743,1585,501,16924,11811,17583,307,52,131,36
765094712-stool1,43425,62158,4020,2500,3054,2275,6989,4838,7223,660,442,516,402
765094712-stool2,61795,89081,1468,382,658,244,10283,7140,10946,153,26,69,17
765135172-stool1,86715,120634,4204,621,2030,338,11569,8155,11798,284,33,129,17
765560005-stool1,68770,102187,3905,700,2404,475,13332,9201,14238,776,71,578,54
765620695-stool1,98391,141073,7649,1750,4711,1334,13439,9418,14321,670,163,437,135
765640925-stool1,97781,141500,4503,587,2357,338,13622,9608,14748,525,34,322,23
765701615-stool1,175242,243527,23884,1275,13384,857,23982,16715,24050,2061,84,1106,62
809635352-stool1,123465,173859,4430,596,2187,386,18387,12801,18883,352,41,154,28
823052294-stool1,89787,119985,2698,775,1244,482,11195,7843,10713,237,54,103,33
861967750-stool1,95882,135532,3152,735,1398,444,13860,9729,14488,288,75,138,51
