,ORFs,genes,genes+has_cog,operons,operons+head_complete,operons+full_promoter,operons+head_complete+full_promoter,ORFs+head_complete+full_promoter,genes+head_complete+full_promoter,genes+has_cog+head_complete+full_promoter
MH0001,15420,4251,2425,15420,11627,5134,4091,6616,2145,1285
MH0002,52286,17889,8994,52286,39058,19748,15697,25398,9338,4819
MH0003,81245,24260,13658,81245,59740,27499,21294,32887,12325,7271
MH0004,25200,8961,4430,25200,19202,8610,7051,11249,5351,2706
MH0005,16889,5040,3225,16889,12475,4794,3742,5810,2397,1557
MH0006,157129,57553,35180,157129,116027,49431,39005,61711,27905,17910
MH0007,32352,4044,2084,32352,23152,8088,5855,9006,1715,855
MH0008,33482,6515,3329,33482,24867,11589,9109,14691,3269,1646
MH0009,54038,16673,8865,54038,39802,16849,13156,20323,8222,4683
MH0010,32161,5286,2398,32161,23964,10547,8379,13282,2283,1131
MH0011,74891,25051,14476,74891,55256,25725,20228,30543,14277,8714
MH0012,161351,64762,38454,161351,122351,62115,50255,81372,33094,20259
MH0013,26923,8654,4477,26923,20200,9981,8060,12844,4710,2335
MH0014,84343,12798,5767,84343,61392,27250,20906,31916,6070,2637
MH0015,31501,2935,1667,31501,22421,7175,5206,7474,539,264
MH0016,63167,11167,6480,63167,45373,20151,15211,22527,5769,3548
MH0017,30746,3260,1522,30746,22227,8425,6417,10027,1239,554
MH0018,14756,2623,1091,14756,10937,4394,3460,5236,1092,437
MH0019,30865,2565,1142,30865,22736,9283,7202,11012,968,461
MH0020,52079,7174,3154,52079,38096,18588,14385,21866,3554,1528
MH0021,49680,6039,2794,49680,35382,14503,10777,15846,2927,1493
MH0022,19406,2960,1391,19406,14356,5528,4412,6523,1358,734
MH0023,23337,3710,1602,23337,16834,6135,4575,6897,1591,674
MH0024,28929,4264,1654,28929,21536,10586,8330,13272,2323,967
MH0025,66093,11560,5270,66093,46695,16835,12171,17234,4222,1870
MH0026,44156,7765,3731,44156,32471,16107,12482,19770,4118,2097
MH0027,21878,1069,371,21878,15574,4014,2853,3960,260,63
MH0028,66036,8857,3906,66036,48121,20556,15830,24042,3604,1576
MH0030,34272,9878,4798,34272,25483,12566,9921,15663,5231,2660
MH0031,31713,10405,4527,31713,23239,9579,7365,11501,3846,1669
MH0032,28956,2405,994,28956,20461,7408,5288,7163,846,351
MH0033,53774,4802,1853,53774,38556,16373,12296,18908,2136,830
MH0034,7912,1173,379,7912,5796,2301,1763,2546,339,105
MH0035,49522,12393,6620,49522,36491,17882,13981,22510,6320,3581
MH0036,40469,4621,1940,40469,29008,11820,8666,13202,1806,806
MH0037,41095,9170,4467,41095,29874,14022,10720,16277,3815,1811
MH0038,42957,7355,3736,42957,30909,13323,10034,15608,3641,1971
MH0039,49450,4086,1544,49450,35397,13954,10463,15647,1650,598
MH0040,60987,10487,5021,60987,44248,17617,13313,20079,3650,1724
MH0041,53365,7780,2977,53365,39426,19433,15146,23923,3579,1349
MH0042,32913,2372,696,32913,22859,7454,5276,7292,742,170
MH0043,53402,6395,2869,53402,38537,16314,12249,17989,2495,1191
MH0044,55502,7051,3710,55502,39572,16854,12423,18631,2950,1675
MH0045,40549,4269,2166,40549,30524,15008,11949,18904,2136,1173
MH0046,40445,6950,3338,40445,28919,10978,8014,11293,2726,1422
MH0047,29241,14518,8251,29241,21877,11201,8956,13816,7003,4048
MH0048,34568,2932,973,34568,24389,8697,6215,9020,1133,397
MH0049,31470,2619,729,31470,23389,12084,9554,14853,1360,385
MH0050,57642,7224,2893,57642,41861,17092,13019,19282,2939,1192
MH0051,42766,3164,1173,42766,29599,9547,6566,9201,979,331
MH0052,54640,8398,3824,54640,38783,13285,9582,13537,2905,1320
MH0053,53299,17456,9680,53299,39620,17514,13817,21400,7691,4613
MH0054,57809,11558,5972,57809,43163,20308,16170,25512,5144,2686
MH0055,53714,15201,8791,53714,38864,17934,13644,20347,6248,3862
MH0056,37998,2996,1059,37998,26980,9010,6544,9307,828,289
MH0057,32985,8968,5420,32985,25042,13878,11380,17580,6244,3955
MH0058,57758,4360,1866,57758,41892,17851,13622,20595,1891,850
MH0059,77479,8075,3425,77479,55252,21439,15865,24077,2814,1170
MH0060,53902,7604,4137,53902,39671,16829,13085,20003,3271,1919
MH0061,41458,4668,1988,41458,30320,14664,11293,17156,1881,806
MH0062,53286,7052,3683,53286,39393,18905,14750,23253,2901,1614
MH0063,39699,6013,2345,39699,28650,11501,8646,13018,2039,761
MH0064,37642,4436,2018,37642,27109,11086,8342,12120,1916,950
MH0065,35376,9216,4192,35376,25878,9800,7579,11441,3944,1793
MH0066,53205,8093,3920,53205,38581,14420,10864,16481,2811,1291
MH0067,54464,5212,2324,54464,39795,19390,14878,22319,2297,1129
MH0068,42798,4688,1901,42798,32145,15625,12603,19544,2401,908
MH0069,62107,13200,7498,62107,47040,23006,18624,30884,6453,3819
MH0070,57233,7110,3009,57233,40343,14513,10488,15452,2213,930
MH0071,50221,5942,3073,50221,36356,15914,12078,18042,2582,1473
MH0072,18865,747,244,18865,13025,4268,2922,3913,168,50
MH0073,40190,3072,1232,40190,30371,16030,12761,19878,1413,549
MH0074,48317,4991,2168,48317,35666,17346,13644,20809,2362,1113
MH0075,51398,3378,1188,51398,37053,14287,10560,15901,1159,397
MH0076,49153,4590,1560,49153,35884,14853,11257,17393,1741,502
MH0077,51515,14347,6736,51515,38182,18252,14428,23403,5280,2311
MH0078,24208,2569,858,24208,17377,7139,5315,7668,1100,349
MH0079,38461,11892,6161,38461,28308,13233,10198,15991,5965,3174
MH0080,56483,5299,2216,56483,40824,16772,12652,19193,1848,807
MH0081,55228,6133,2712,55228,40445,17998,13885,21593,1781,677
MH0082,56081,9613,3978,56081,41445,19043,14902,24053,3302,1363
MH0083,66357,6964,3460,66357,48319,20631,15807,24599,2915,1516
MH0084,18769,1756,697,18769,13821,6571,5164,7490,614,245
MH0085,44994,3468,1183,44994,33194,15237,11911,18155,1381,481
MH0086,84484,14934,8847,84484,61814,29338,22536,34699,6422,4000
MH0087,32496,5806,3690,32496,25890,16392,14026,23145,3000,2009
MH0088,94675,21678,11744,94675,67866,33517,24761,37850,8551,4410
MH0089,78063,6929,3093,78063,57865,26204,20518,32695,3061,1421
MH0090,83794,12056,5993,83794,61138,28913,21911,34478,5415,2848
MH0091,77752,7209,2835,77752,56641,23686,18011,27872,2767,1151
MH0092,111251,14017,7113,111251,81457,37171,28689,44007,5139,2494
MH0093,59458,5772,2522,59458,44689,24409,19592,30663,2859,1279
MH0094,96093,8744,3488,96093,70948,36248,28261,44427,3996,1547
MH0095,69989,8165,3513,69989,51819,25945,20187,31187,3802,1671
MH0096,82226,27445,13339,82226,60731,29449,22974,36410,10699,5298
MH0097,72766,14046,6339,72766,53927,27699,21824,33831,6775,3027
MH0098,98387,14386,6448,98387,73069,37781,29680,46764,7022,3217
MH0099,86960,9019,3577,86960,63523,31999,24355,37887,4060,1597
MH0100,114287,22105,10122,114287,83791,38564,29727,46851,8919,4153
MH0101,73596,26135,14329,73596,53981,27710,21334,33287,12306,6857
MH0102,99830,13011,5923,99830,71833,31586,23685,36075,5739,2679
MH0103,75289,6074,2220,75289,54774,23616,18071,27764,2272,867
MH0104,99155,17605,8281,99155,72651,31359,24203,37944,6863,3236
MH0105,51429,4960,1815,51429,38044,19227,15059,23458,2255,718
MH0106,88201,7456,3216,88201,64497,31674,24180,36476,3165,1422
MH0107,80578,14011,6795,80578,60220,32713,25858,41200,8073,4272
MH0108,75980,9790,5467,75980,57180,27915,22403,34497,4740,2730
MH0109,65871,3895,1574,65871,47802,23320,17851,27187,1630,671
MH0110,58289,5394,2361,58289,43363,21938,17321,27097,1838,789
MH0111,92361,13748,6820,92361,68923,34614,27052,43250,6081,3095
MH0113,86337,12109,5375,86337,62146,26149,19529,29599,5022,2245
MH0114,53317,3657,1108,53317,39107,18223,14144,22299,1565,450
MH0115,87497,8193,3313,87497,65048,31964,25243,40946,3852,1674
MH0116,108123,10210,4355,108123,78464,36927,28170,42772,4673,2070
MH0117,83519,13518,5652,83519,61463,29250,22463,35223,5028,2248
MH0118,89286,14749,7377,89286,65335,29076,22071,33689,6512,3344
MH0119,91298,7877,3982,91298,66757,30850,23905,36501,3527,1914
MH0120,68406,10696,4451,68406,51512,24764,19733,31756,4300,1761
MH0121,55415,3066,1029,55415,41655,23847,19041,30283,1343,463
MH0122,72944,7487,4330,72944,54983,28777,23026,37098,3222,1932
MH0123,96469,6321,2347,96469,71973,37919,29768,46970,2746,1020
MH0124,99713,21683,11110,99713,73875,34772,27383,44117,10550,5809
MH0125,85992,7715,2626,85992,64176,30170,24176,38867,3853,1228
MH0126,100050,28505,14778,100050,73900,32715,25548,39857,12308,6736
MH0127,69883,7725,3786,69883,52987,29037,23276,37045,2773,1359
MH0128,60059,8547,3420,60059,46288,25438,21084,34296,2875,1102
MH0129,89206,10067,4316,89206,65809,30847,23937,37246,3298,1333
MH0130,56247,10955,5457,56247,41832,20069,15708,24617,4618,2471
MH0131,120014,27754,15765,120014,89328,43841,34517,54962,10439,6038
MH0132,94938,13501,5895,94938,70109,30425,23524,36830,4782,2051
MH0133,64636,5323,1963,64636,49408,27075,21951,35904,2349,805
MH0134,63622,4211,1608,63622,47579,25289,20136,32202,2000,747
MH0135,73456,7668,3725,73456,55772,27606,22329,35800,3057,1390
MH0136,84616,4983,1923,84616,63235,29914,23674,37291,1887,777
MH0137,79353,8197,3753,79353,59830,30154,23972,37545,3896,1845
MH0138,37308,9112,4647,37308,28190,14114,11269,16528,3446,1655
MH0139,85182,6616,2396,85182,64271,34356,27550,43886,3044,1078
MH0140,105755,11632,5421,105755,78148,37955,29754,47087,4795,2126
MH0141,91208,16156,7310,91208,67796,32979,26070,41177,8173,3852
MH0142,97075,13183,6206,97075,72429,37029,29360,46879,4467,2194
MH0143,110753,37601,19202,110753,82944,39162,31201,51439,15708,8568
MH0144,123081,16225,7294,123081,91186,46846,36509,57925,7070,3223
MH0145,121102,17545,8085,121102,89610,41631,32352,50167,7591,3816
MH0146,60687,3827,1308,60687,46571,28565,23305,37945,1760,562
MH0147,108531,12125,6057,108531,80773,36143,28533,44901,4429,2158
MH0148,121521,12055,5727,121521,88816,42999,33169,52175,5003,2452
MH0149,97012,16404,8472,97012,70318,32553,24877,37792,7485,4287
MH0150,112547,13225,7255,112547,85853,47953,38831,61911,5143,2912
MH0151,70465,10489,4339,70465,51179,23160,17735,27836,4004,1600
MH0152,57827,10551,4947,57827,42992,20580,15997,24296,4578,2131
MH0153,94921,10381,4538,94921,68553,27519,20925,31442,2881,1213
MH0154,92121,9169,2922,92121,67558,31204,24025,36742,3554,987
MH0155,70382,3086,950,70382,52456,26294,20711,32345,1292,394
MH0156,53518,2869,1132,53518,39700,20973,16538,25827,1069,412
MH0157,92406,12969,5690,92406,66184,26432,19570,29192,3525,1427
MH0158,78371,5124,2105,78371,58130,26835,21137,32904,1778,734
MH0159,88111,10531,4907,88111,64900,32688,25394,39094,3567,1661
MH0160,79677,4056,1275,79677,58367,26978,20879,32717,1577,454
MH0161,127586,12845,6922,127586,93391,44546,34212,52832,4439,2435
MH0162,104917,5777,2327,104917,79205,42877,34368,54938,2276,892
MH0163,79984,7448,3441,79984,58007,25950,19664,30396,3713,1968
MH0164,49738,4586,2076,49738,35879,15517,11543,17268,1664,734
MH0165,98437,9911,3933,98437,73018,35060,27353,43044,3947,1587
MH0166,42115,3007,1192,42115,31967,15812,12944,21029,1088,435
MH0167,60504,3209,1197,60504,44311,20501,15979,24327,1311,533
MH0168,82291,10896,4434,82291,60967,28511,22374,34175,3802,1424
MH0169,107488,9080,4056,107488,78926,35800,27942,44466,3307,1392
MH0170,93704,5359,2078,93704,70082,36460,28947,45903,1965,756
MH0172,98854,8995,4046,98854,71528,32318,24368,35960,3457,1623
MH0173,82418,9849,3574,82418,60392,25478,19757,30869,3397,1095
MH0174,109665,8732,3190,109665,79804,38070,29104,44862,3598,1331
MH0175,85923,14718,6942,85923,63097,28897,22201,34142,5984,2956
MH0176,106947,6994,3783,106947,79317,39193,31084,49338,2431,1332
MH0177,76423,4121,1628,76423,57071,27658,21849,34577,1318,463
MH0178,70749,5295,1910,70749,51301,23698,17956,27022,1608,568
MH0179,49929,9754,5662,49929,37951,22270,17709,27498,2855,1354
MH0180,73312,3615,1241,73312,55393,29893,23868,37865,1226,447
MH0181,96186,14334,7089,96186,72422,38145,30440,48250,6489,3189
MH0182,73534,7738,3890,73534,55573,30435,24430,38414,3692,1963
MH0183,125152,12006,5023,125152,93007,44926,35446,56036,5426,2443
MH0184,100486,5555,2084,100486,73974,33663,26280,41506,1807,640
MH0185,99581,10260,4826,99581,74506,39031,31106,49487,3487,1533
MH0186,59074,6486,3490,59074,44867,24305,19880,32051,1836,807
MH0187,112949,14506,7499,112949,84376,42238,33645,53251,6624,3698
MH0188,138857,45205,27914,138857,105923,57752,46736,74899,18789,12014
MH0189,121404,59326,33533,121404,91569,42943,34744,55694,23847,13988
MH0191,136436,10341,5076,136436,100689,47764,37382,58810,4000,2196
MH0192,121336,22840,13309,121336,92655,50807,41632,66023,10438,6230
MH0193,130925,21850,12713,130925,100157,49230,40729,67562,9031,5692
MH0195,126415,10107,5623,126415,92608,36619,28408,44078,3042,1865
MH0196,163943,13859,6901,163943,122771,59235,47599,75909,4818,2484
MH0197,138702,33058,19837,138702,102236,42812,33307,53129,9299,5590
MH0198,145304,18915,9654,145304,108340,55659,44667,71661,9601,5306
MH0199,131041,9000,4343,131041,98497,51531,41456,65661,3522,1723
MH0200,146717,19965,11331,146717,109781,49070,39011,61279,7821,4680
MH0203,190392,33489,19380,190392,141712,68480,54041,85389,11434,6924
MH0204,153609,11868,5498,153609,114474,54105,43197,68902,4050,1717
MH0205,116934,10922,5469,116934,88481,49749,40249,64868,4594,2213
MH0206,181062,42037,17033,181062,136266,69421,55821,87372,15821,6482
MH0211,134732,16456,8728,134732,102723,59550,48751,79374,5056,2696
MH0212,117445,22431,12290,117445,90053,53317,43791,71228,6594,3413
MH0217,126673,16832,9333,126673,94431,43537,34793,55840,6285,3672
MH0220,167690,18055,9215,167690,125414,58253,46941,74987,5529,2571
MH0221,50446,9635,5862,50446,39322,23898,19854,31953,3548,2186
MH0222,142539,21928,11074,142539,106018,49951,39420,62808,8225,4269
MH0224,136488,21837,11693,136488,102814,49766,40389,65210,7249,3808
MH0227,104826,12689,7124,104826,82236,49811,41926,68838,5599,3381
MH0229,146715,27823,15189,146715,109568,54757,43711,70239,10797,5930
MH0230,114172,15423,8669,114172,86895,49435,40306,64834,7484,4458
MH0233,84243,25687,16208,84243,64405,36699,30136,48668,8696,5554
MH0234,121991,9411,4245,121991,92328,48165,38741,63706,3042,1184
MH0236,79844,7801,4059,79844,61128,38190,31187,51144,3103,1640
MH0238,137025,18974,9559,137025,102802,47688,38441,60183,5499,2526
MH0239,115527,37045,23412,115527,90183,56722,47348,78428,13738,8633
MH0243,91156,14097,8139,91156,68940,33758,27417,43048,6681,3951
MH0244,106560,17485,7334,106560,80336,40272,32373,51096,5326,2487
MH0245,139781,11745,5358,139781,102446,44031,34055,51816,3980,1613
MH0246,92242,9683,5225,92242,71186,44017,36128,57951,4263,2381
MH0247,135726,15567,8941,135726,104556,57018,47383,77933,6244,3794
MH0250,193330,31766,17300,193330,145463,66603,53804,87494,11865,6770
MH0251,127893,11463,5679,127893,98034,61826,50676,83357,5090,2539
MH0252,182306,27896,14536,182306,134275,59554,46400,72273,11904,6582
MH0253,165758,13618,6329,165758,123924,57131,45835,73894,5143,2574
MH0257,132792,19616,10148,132792,99191,47538,38152,61195,6629,3549
MH0259,132450,9500,4195,132450,98352,47610,37769,59904,2987,1179
MH0260,115917,26144,15931,115917,86957,43634,34878,55964,10749,6893
MH0261,60297,4540,2326,60297,45450,25155,20166,31917,2519,1441
MH0262,119040,34551,20344,119040,88930,41484,33145,53836,11480,7023
MH0264,80850,7548,3343,80850,60685,28036,22802,35266,3546,1798
MH0265,118077,13261,6226,118077,89817,49087,39995,64528,6400,3288
MH0266,123444,9407,4616,123444,91437,45260,35725,56061,3047,1382
MH0267,150859,17402,7870,150859,115311,61085,50141,81275,8227,3788
MH0268,132918,11889,5347,132918,100732,53254,42703,68999,4615,2044
MH0270,132658,9763,4905,132658,100595,54627,44402,70650,3365,1673
MH0271,118535,15668,7716,118535,89770,49390,40090,63911,4516,1903
MH0272,163502,22019,9256,163502,122653,58447,46928,73121,6235,2480
MH0274,123481,18955,10635,123481,95712,55622,46238,74539,9746,5773
MH0275,130071,13796,6026,130071,98239,50121,40680,65126,5293,2451
MH0276,171061,36750,17085,171061,128637,63579,51089,82314,11864,5680
MH0277,39097,26068,13189,39097,30755,17413,14844,22609,13102,5750
MH0280,164425,14555,7235,164425,123339,66000,52721,84114,5277,2570
MH0281,111798,18485,10112,111798,85544,50857,41401,66657,8708,5058
MH0283,58866,9234,4578,58866,44491,20767,16747,25319,3925,2203
MH0284,128495,11509,5619,128495,94453,44275,34330,51316,4656,2473
MH0286,111726,11988,6569,111726,82638,33252,26368,41528,2731,1342
MH0287,133869,10797,5237,133869,99367,51315,40599,63749,3620,1794
MH0288,142426,15181,6973,142426,106141,52739,42049,68287,5100,2264
MH0289,117788,4651,1774,117788,87972,45263,36164,57157,1442,545
MH0290,110832,6671,2916,110832,80998,36481,27893,43704,2820,1420
MH0292,90852,5386,2415,90852,72100,46776,39724,66079,2119,990
MH0293,133456,9391,4527,133456,99137,46190,36501,58144,3519,1716
MH0297,92971,3539,1293,92971,69746,36645,29315,46721,1203,334
MH0298,124424,15285,7788,124424,90542,37845,28813,44444,5885,3291
MH0299,56300,2148,733,56300,42245,20806,16883,26671,899,299
MH0301,108248,7116,3042,108248,80101,38830,30388,47287,2037,853
MH0302,68252,11376,5409,68252,53622,30638,25869,41340,4475,2146
MH0303,147476,20127,9710,147476,108764,49182,38653,60887,6875,3470
MH0305,91458,11056,5898,91458,71440,42564,35942,59818,3763,2002
MH0307,150191,9223,4202,150191,110897,50049,39256,62096,3417,1712
MH0308,139843,14539,7378,139843,105475,54747,44200,70482,7440,4122
MH0309,121626,20170,11421,121626,91882,45527,36904,58840,7299,3898
MH0310,108405,5136,1947,108405,83536,49378,40616,66036,2003,696
MH0311,105615,4753,1906,105615,77664,37820,29403,45627,1714,707
MH0313,103913,10424,5478,103913,76135,33585,26391,42305,3191,1769
MH0314,122629,10462,5535,122629,90329,41987,32792,51245,5357,3192
MH0315,127955,6249,2553,127955,96120,49943,40050,63624,1845,629
MH0316,148031,11249,5086,148031,112187,53986,43885,71186,3811,1641
MH0318,172677,48478,28302,172677,129691,60357,48388,78094,13825,8319
MH0319,129210,11983,5637,129210,95893,44219,34838,54047,4683,2224
MH0321,102382,7953,4157,102382,76017,33481,26673,42647,2227,1205
MH0322,120814,7608,3802,120814,89185,36586,28698,44587,2939,1643
MH0323,127607,12707,5902,127607,95887,49763,39669,62892,4196,1824
MH0325,116888,7812,3307,116888,87707,44092,35338,56729,2459,898
MH0326,139915,9416,3796,139915,105277,54664,43723,70363,3344,1137
MH0327,82110,4788,2431,82110,63101,37464,30764,48706,1534,768
MH0328,124024,14113,7389,124024,91990,44978,35346,56721,3203,1531
MH0329,146868,31805,17219,146868,110039,49960,39875,64298,9325,4991
MH0330,153806,11631,5388,153806,116540,57334,46251,73032,3554,1473
MH0332,70329,3705,1417,70329,54681,33782,27950,45545,1701,614
MH0333,85984,19423,11626,85984,68730,44049,38012,63547,9293,5820
MH0334,103036,5798,2423,103036,75076,33154,25692,40171,1542,561
MH0335,74609,10040,4368,74609,56352,32485,26288,41667,4037,1847
MH0336,97616,20274,12443,97616,73393,35829,28732,46854,9367,6125
MH0337,102986,8950,4657,102986,78493,41169,33564,52993,3714,2044
MH0338,137697,17825,7985,137697,99944,44878,34407,51957,4839,2162
MH0339,147280,15936,7563,147280,109974,56867,45434,74088,4699,2194
MH0340,132160,9319,3961,132160,97285,48516,37903,59203,2923,1224
MH0341,82820,6273,2518,82820,62393,35650,28558,45185,2246,842
MH0342,110387,7100,2703,110387,82819,47403,37946,60250,2622,919
MH0343,140395,18965,9658,140395,103542,54496,42576,67580,5695,2707
MH0345,130271,22270,11741,130271,95120,48026,36888,56728,7744,4255
MH0346,122478,13626,6673,122478,90981,47403,37569,59499,3879,1810
MH0347,93913,6334,3015,93913,71088,40520,32459,52104,2274,1077
MH0348,96435,9229,5104,96435,73383,41424,33376,52965,2981,1561
MH0349,132945,8686,3618,132945,96253,43377,33141,51377,2431,907
MH0350,143278,9954,4270,143278,105981,57080,44244,68856,3763,1593
MH0351,83663,8120,3868,83663,62737,35348,28333,44676,2886,1310
MH0354,97093,13376,7298,97093,73401,37600,30488,49068,4811,2616
MH0355,177712,30406,13791,177712,131342,63278,49802,78472,11713,5867
MH0356,134747,9928,4689,134747,100733,50030,39567,62297,2369,1086
MH0357,142196,39302,19731,142196,104594,49834,38698,59548,14175,7094
MH0358,113560,24865,15291,113560,86240,49706,40383,64671,10105,6866
MH0359,122506,9251,4411,122506,90161,48239,37505,58248,2978,1452
MH0360,97795,10895,5550,97795,76096,49300,40914,66977,4880,2554
MH0361,118296,8958,4145,118296,90062,51453,41687,67510,3809,1684
MH0362,140283,14425,7704,140283,103220,49627,38780,59873,5170,2844
MH0363,124564,6206,2340,124564,90990,43229,33297,50908,1668,620
MH0364,133077,6392,2266,133077,97561,45190,35084,54418,1855,566
MH0365,115712,5123,1993,115712,85165,41605,32505,50932,1528,576
MH0366,99431,16402,9037,99431,73396,31428,24546,39109,4225,2281
MH0367,136034,13075,6854,136034,101134,51963,40943,65126,4680,2503
MH0368,133585,11669,4398,133585,97852,46750,36163,56076,3358,1219
MH0369,121861,26512,14061,121861,91561,45902,36686,58812,9447,4959
MH0370,99242,44830,27852,99242,72703,35677,27625,41760,14574,9233
MH0371,147460,8231,3226,147460,110560,59132,47231,75281,2964,1214
MH0372,85235,21505,13782,85235,64533,35765,28784,46560,10194,7115
MH0373,143068,34506,20832,143068,106153,48636,38259,60501,11410,6985
MH0374,148746,21461,9003,148746,109918,54345,42894,66688,7373,2858
MH0375,91092,9503,5166,91092,68438,37321,29998,47968,2967,1449
MH0376,129559,14789,6937,129559,97033,51312,40933,65090,5120,2347
MH0377,159154,22732,12572,159154,116709,53691,41453,64269,6223,3465
MH0378,137497,11085,4939,137497,103452,56268,44997,72445,3824,1610
MH0379,122995,8887,3798,122995,93146,50591,40909,66384,3500,1559
MH0381,139079,13787,6212,139079,102987,53746,42185,65908,5632,2493
MH0382,129300,29983,18872,129300,95820,44243,34729,54669,8856,5652
MH0383,99819,7761,3350,99819,74056,35449,28009,43164,2551,1143
MH0384,125926,12853,6475,125926,93526,47308,37488,59137,5332,2880
MH0385,143272,25343,13098,143272,106397,49648,39418,63499,9727,5306
MH0386,137680,11151,5033,137680,103482,52804,42467,68503,3483,1418
MH0387,89168,2809,1053,89168,65911,35276,27608,43359,767,266
MH0388,113199,5737,2512,113199,84074,43551,34429,54934,1724,779
MH0389,143212,29687,18004,143212,106390,51689,40673,63852,9691,5921
MH0390,153895,27779,14330,153895,112426,51277,39702,62662,7379,3676
MH0391,130534,7390,3237,130534,98707,56051,45068,73011,3064,1391
MH0392,148610,10273,4115,148610,110096,55338,43372,69000,2807,1094
MH0393,90086,5627,2938,90086,69380,39197,32367,51804,1707,816
MH0394,132292,10700,4767,132292,97945,48396,38234,59739,3166,1302
MH0395,149246,8638,3641,149246,111065,55792,43988,69480,2659,1096
MH0396,130024,9719,4738,130024,97198,44173,34977,56341,2890,1364
MH0397,141694,14515,5532,141694,105559,53451,42331,64955,4809,1895
MH0398,154858,13417,6189,154858,113520,51383,39677,61412,4363,2055
MH0399,176090,16604,8698,176090,132045,64275,51389,82298,5799,3125
MH0400,105172,15716,6295,105172,78123,38506,30328,46904,6235,2556
MH0401,82976,5429,2167,82976,61792,29215,23065,36751,1539,472
MH0402,160782,32859,15882,160782,116929,48142,36712,56705,10003,4789
MH0403,147897,10380,5173,147897,112615,65137,53095,85605,3938,2125
MH0404,125260,10364,4506,125260,93707,47506,38061,59868,5082,2485
MH0405,124386,8361,3601,124386,93006,44810,36351,58750,2401,946
MH0406,150755,23632,13235,150755,114724,58214,47562,76767,7224,4053
MH0407,155306,22823,10755,155306,116619,55803,45212,72003,8625,4314
MH0408,184742,12409,5398,184742,138798,69960,56600,91508,4492,2297
MH0409,144453,18237,9067,144453,107384,50945,40581,64649,5117,2631
MH0410,117784,7087,2955,117784,89765,51882,42554,68449,2720,1081
MH0411,147171,11735,5103,147171,110912,58353,47259,75990,2527,884
MH0412,159047,10799,4897,159047,117480,52027,40827,64400,3528,1804
MH0413,149838,10495,4710,149838,111519,50046,39961,63541,3269,1475
MH0414,81464,5916,2863,81464,61228,31090,25268,40986,1918,913
MH0415,166343,37135,20050,166343,124111,57034,45545,73206,13508,7658
MH0416,165179,8141,3143,165179,123006,54416,43333,68562,2197,835
MH0417,172175,12077,5524,172175,129328,61588,49791,78990,3136,1377
MH0418,143482,6460,2641,143482,106729,49045,39070,62569,2116,830
MH0419,134673,26112,14615,134673,102622,56348,46184,74634,7843,4409
MH0420,97953,6834,3690,97953,74888,45779,37460,61918,2595,1402
MH0421,124288,17074,8428,124288,93218,40213,32240,51962,3720,1664
MH0422,168858,20228,11118,168858,126565,61630,49513,80119,4693,2357
MH0423,90171,5816,2723,90171,67806,32523,26273,42541,2088,1010
MH0424,118900,8311,3708,118900,90447,52476,42918,69975,3243,1455
MH0425,118262,9910,5626,118262,89629,47863,38943,62931,2675,1282
MH0426,131674,10242,4745,131674,100128,48710,40024,64137,2817,1386
MH0427,69845,7936,3683,69845,53179,26755,22155,33331,3951,2002
MH0428,139833,17576,7390,139833,103922,49699,39564,63143,5432,2118
MH0429,133420,11490,4799,133420,99382,46920,37427,58825,4159,1762
MH0430,139503,21250,11372,139503,104863,48867,39565,64193,7606,3882
MH0431,137162,15660,8008,137162,103916,54756,44825,71983,5052,2879
MH0432,117963,11685,6648,117963,91189,53186,44401,72197,3999,2120
MH0433,170611,52688,31822,170611,126770,59727,47238,75314,14386,8644
MH0434,177855,14680,6744,177855,132022,63346,50297,80504,5691,2914
MH0435,135125,11584,6487,135125,103137,55623,45800,73663,4803,2907
MH0436,137849,9293,4283,137849,101206,44230,34601,54343,1925,763
MH0437,182435,32936,16793,182435,136763,64801,52032,83045,9720,4764
MH0438,164330,10339,4128,164330,122601,53995,43558,69110,3213,1252
MH0439,167000,11508,5073,167000,123729,59216,47092,73202,4042,2005
MH0440,147907,14154,6115,147907,109955,51579,41072,63789,3585,1538
MH0441,171045,17808,10194,171045,127849,61273,48797,76580,5074,2976
MH0442,196028,14475,6730,196028,146351,65841,52550,83798,3429,1549
MH0443,137244,6560,3094,137244,103166,54158,43556,70203,1939,877
MH0444,72027,4639,2166,72027,56108,35582,29682,49171,2065,973
MH0445,161823,11530,5020,161823,120501,57308,45540,72578,3133,1265
MH0446,180271,17302,9111,180271,136668,69908,56631,90995,3591,1780
MH0447,220668,33294,17502,220668,162087,69817,54419,85063,10914,6004
MH0448,174748,31514,17040,174748,130858,59477,47639,76526,8290,4267
MH0450,197024,12466,5715,197024,146233,73522,57941,90551,3820,1848
MH0451,180148,17713,9192,180148,133492,61028,48175,77464,5535,2982
MH0452,174807,12238,6059,174807,133201,70720,57619,92172,3766,1798
MH0453,118875,9629,4653,118875,89699,47111,38063,61362,2859,1433
MH0454,187891,20178,10078,187891,139648,64577,51430,82266,6306,3303
MH0455,105434,5329,2490,105434,80352,45653,37278,60296,1789,801
MH0456,115617,12238,6700,115617,88408,49598,40725,67189,2660,1266
MH0457,212177,19509,9600,212177,157138,71859,56784,88123,5440,2744
MH0458,130405,8407,3836,130405,98613,52780,42998,70558,3605,1761
MH0462,131720,9799,5251,131720,99842,54177,44156,70328,2661,1342
O2.CD1-0,147846,10578,5108,147846,112767,61415,50660,81729,3985,1904
O2.CD1-0-PT,95209,15074,8019,95209,75360,52014,43862,71086,8004,4298
O2.CD2-0,69327,20783,20783,69327,52633,26192,21588,32548,7949,7949
O2.CD3-0-PT,130852,46027,28828,130852,100701,57335,47473,78756,15319,9289
O2.UC1-0,27665,3209,1706,27665,20526,9055,7007,10991,1397,857
O2.UC1-1,112076,10817,4676,112076,81069,38406,29716,45664,3907,1995
O2.UC11-0,20573,830,319,20573,15305,7298,5775,9055,215,67
O2.UC11-1,133448,14480,8407,133448,100916,52786,42788,67841,4395,2575
O2.UC11-2,92562,10203,5755,92562,69361,37248,29605,45221,4105,2374
O2.UC1-2,125094,13652,6662,125094,91813,43834,33998,52392,4265,2101
O2.UC12-0,36662,2837,909,36662,26433,9938,7456,11314,881,220
O2.UC12-1,118969,10988,4973,118969,89775,46007,37284,58877,3517,1585
O2.UC12-2,95206,7855,4163,95206,71565,34223,27192,43341,2394,1348
O2.UC13-0,46429,2105,617,46429,33426,13029,9674,14250,602,163
O2.UC13-1,170625,11967,5014,170625,129262,65915,54038,87184,3318,1329
O2.UC13-2,102209,5177,2002,102209,77438,29539,23621,37355,1187,397
O2.UC14-0,17524,563,139,17524,12159,4110,2897,3893,71,23
O2.UC14-1,113966,3699,1377,113966,83771,36544,28715,44943,834,273
O2.UC14-2,109151,3411,1238,109151,84587,37322,30999,49867,800,205
O2.UC15-0,75979,9391,5193,75979,57874,34376,27692,44910,4667,2805
O2.UC15-1,104185,10724,6139,104185,79586,44206,36529,58393,5147,3199
O2.UC15-2,113124,3966,1696,113124,84196,44547,35217,54822,1018,464
O2.UC16-0,13488,1069,307,13488,9923,3845,2936,4261,382,75
O2.UC16-1,95824,8250,3825,95824,71902,32575,26262,39986,3195,1553
O2.UC16-2,67054,3285,1315,67054,50530,22200,17839,27443,973,382
O2.UC17-0,17366,693,232,17366,12900,6230,4914,7351,241,77
O2.UC17-1,97606,5481,2601,97606,71540,30166,23417,35491,1604,716
O2.UC17-2,95864,3510,1752,95864,70875,29619,23079,35023,1057,601
O2.UC18-0,32958,4929,2482,32958,23694,10147,7574,10936,1363,767
O2.UC18-1,149190,10668,4847,149190,113313,59707,48721,77390,4128,1765
O2.UC18-2,116045,7241,3137,116045,86395,38094,29837,46574,1367,555
O2.UC19-0,45844,1128,389,45844,32921,13766,10241,15275,164,53
O2.UC19-1,61753,8563,4920,61753,47301,28557,23506,37918,3734,2107
O2.UC19-2,81485,14552,7985,81485,62339,30393,24496,38385,3630,2028
O2.UC2-0,87473,3615,1421,87473,64614,29263,22883,35570,1172,480
O2.UC20-0,39344,779,293,39344,28563,11767,8752,13262,160,60
O2.UC20-1,134852,11475,6162,134852,101288,54972,43895,69510,4605,2584
O2.UC20-2,102702,2543,1153,102702,78320,36053,29067,45495,502,234
O2.UC2-1,145237,7458,3470,145237,107623,46949,37283,60401,1705,713
O2.UC21-0,20090,399,96,20090,13849,4342,2895,3921,81,16
O2.UC21-1,127546,8171,3336,127546,95189,46839,37178,59071,2082,696
O2.UC21-2,100652,4063,2067,100652,74927,34399,27184,42307,1289,732
O2.UC2-2,123922,7237,4282,123922,91979,41207,32275,50312,2096,1310
O2.UC22-0,36568,902,271,36568,26557,9694,7333,11238,355,101
O2.UC22-1,125425,6189,3066,125425,94670,49790,40024,63660,2270,1164
O2.UC22-2,101754,2230,832,101754,76563,33755,26769,41337,481,173
O2.UC23-0,29406,1262,666,29406,21551,7770,5954,8931,272,121
O2.UC23-1,53169,3517,1850,53169,40827,19188,15820,25393,766,338
O2.UC23-2,107867,6910,3519,107867,80537,33725,26257,40625,1926,938
O2.UC24-0,34356,3304,1224,34356,25194,9090,6985,10639,1010,310
O2.UC24-1,123311,24359,11963,123311,90517,41232,32168,51069,5872,2654
O2.UC24-2,90384,20612,12692,90384,68423,31253,25107,41540,4933,3145
O2.UC26-0,53808,5944,3703,53808,43784,29180,25051,41886,3944,2590
O2.UC26-1,59705,1718,681,59705,46150,29519,24501,40568,542,258
O2.UC26-2,53860,797,300,53860,41951,25851,21491,35407,167,71
O2.UC27-0,95962,6714,3134,95962,72693,39851,31906,50959,2484,1098
O2.UC27-1,96378,3806,1673,96378,72241,42504,33998,54123,1061,460
O2.UC27-2,75992,1868,745,75992,57466,30829,24845,39931,298,104
O2.UC28-0,149226,9359,3159,149226,107684,50552,38342,59545,2819,875
O2.UC28-1,149415,7951,3518,149415,111956,53264,42818,69344,1804,717
O2.UC28-2,150318,8569,4092,150318,109714,52733,40749,63734,1200,507
O2.UC29-0,73285,5518,1950,73285,54461,25352,19808,31764,2108,692
O2.UC29-1,117859,14797,6845,117859,85751,40654,31422,50240,4328,2097
O2.UC29-2,81872,2815,1127,81872,61558,27347,21670,34803,392,165
O2.UC3-0,122251,3801,1356,122251,89524,41533,31886,48385,1101,378
O2.UC30-0,108799,7151,3440,108799,79575,36167,27714,42341,1914,835
O2.UC30-1,128093,8511,4098,128093,97015,50378,41020,66308,2240,1050
O2.UC30-2,105972,3673,1796,105972,78993,38085,30173,46916,912,517
O2.UC3-1,128295,4329,1862,128295,94858,42580,33475,52428,983,380
O2.UC31-0,101570,5375,2301,101570,73701,32675,24841,37929,1865,812
O2.UC31-1,137660,8240,4209,137660,101474,47579,37371,58832,2669,1479
O2.UC31-2,101781,5401,2552,101781,75248,35383,27670,42989,1205,597
O2.UC3-2,104822,2139,763,104822,76804,32052,24556,36750,440,130
O2.UC32-0,94286,3873,1562,94286,71392,35076,28002,43085,1297,505
O2.UC32-1,138280,9501,5830,138280,104300,53322,43459,68248,3581,2519
O2.UC32-2,105095,4114,2214,105095,77985,38055,29697,44936,605,324
O2.UC34-0,70400,3956,1215,70400,50970,19155,14388,21040,1532,381
O2.UC34-2,73260,6221,2638,73260,54238,28168,21811,33338,1939,726
O2.UC35-0,116536,4765,2548,116536,85328,36499,28098,43415,2026,1310
O2.UC35-1,144099,5464,2380,144099,109400,56169,45563,71934,1354,551
O2.UC35-2,116094,2366,955,116094,85575,40356,31643,49794,403,157
O2.UC36-0,130098,14464,8182,130098,98034,55685,44472,70402,4102,2207
O2.UC36-1,109978,3049,1297,109978,81735,41591,33234,51612,675,308
O2.UC36-2,86557,3063,1565,86557,64537,28862,22633,35028,1073,605
O2.UC37-0,74377,5507,2893,74377,57549,33114,27346,44430,3076,1660
O2.UC37-1,116601,3937,1839,116601,90658,54491,45581,73963,1603,824
O2.UC37-2,102466,4196,1859,102466,77552,43480,34533,54860,1175,545
O2.UC38-0,65437,4160,876,65437,49110,22930,18331,28634,2276,391
O2.UC38-1,128357,10111,5050,128357,96229,46664,37552,60442,2178,942
O2.UC38-2,73737,1442,472,73737,55194,25148,19990,31215,247,56
O2.UC4-0,34671,1211,417,34671,25393,11198,8555,13107,270,94
O2.UC40-0,99839,3851,1325,99839,75080,32974,26294,41231,1032,292
O2.UC40-1,176433,17574,9479,176433,133410,63514,51579,84161,3827,2098
O2.UC40-2,124680,4127,1807,124680,91336,38714,30009,47147,959,476
O2.UC4-1,150269,8411,3336,150269,112072,56852,45459,73429,2543,974
O2.UC41-0,115293,6489,3062,115293,85741,38411,30375,48697,1620,602
O2.UC41-1,143072,16719,10500,143072,109763,56985,47331,76784,5039,3074
O2.UC41-2,60135,1974,753,60135,44685,18220,14223,22372,599,235
O2.UC4-2,128127,8906,3642,128127,95304,49173,38558,60926,3772,1610
O2.UC43-0,65275,6454,3058,65275,48920,23369,18647,28238,3177,1552
O2.UC43-1,73387,4769,2277,73387,56307,30644,25557,39673,1429,627
O2.UC43-2,40629,920,414,40629,31318,16794,13620,20891,144,68
O2.UC44-0,110182,4236,1377,110182,81280,37840,29544,45949,1435,415
O2.UC44-1,141765,5564,2493,141765,107203,53949,44137,71047,1675,798
O2.UC44-2,228345,22778,11877,228345,172246,91941,73841,118626,5992,3182
O2.UC46-0,100107,2971,1179,100107,74896,34465,27513,42610,1029,413
O2.UC46-1,114307,7363,4061,114307,89207,55318,46197,75249,2075,1093
O2.UC46-2,108138,1795,673,108138,80715,40580,31781,49559,344,107
O2.UC47-0,105376,5009,2076,105376,77123,34379,26352,40423,1647,742
O2.UC47-1,153422,14011,7835,153422,114748,53794,42939,67109,2564,1370
O2.UC47-2,82146,10951,6590,82146,61338,29231,23185,36050,2156,1281
O2.UC48-0,218154,46128,29015,218154,166448,94676,76836,123763,16643,10267
O2.UC48-1,170551,16149,9614,170551,131388,73063,61014,99520,3271,1991
O2.UC48-2,99699,1757,637,99699,74570,35940,28569,44402,249,73
O2.UC49-0,127534,9582,4806,127534,97501,54061,44119,70088,2848,1252
O2.UC49-2,95537,4328,1696,95537,69833,32294,24742,37288,995,344
O2.UC5-0,106863,2223,926,106863,77125,32542,24395,36480,437,193
O2.UC50-0,240729,14027,5526,240729,177819,84774,66022,102447,4991,1979
O2.UC50-2,196476,8262,3575,196476,146628,72815,57101,90063,2847,1269
O2.UC5-1,93707,2784,1139,93707,70607,38824,31388,50412,670,297
O2.UC51-0,109349,4347,1507,109349,80758,39860,30848,48756,1443,479
O2.UC51-2,162730,6521,2411,162730,122238,61911,49346,79008,1625,520
O2.UC5-2,69055,1306,462,69055,51169,27227,21200,33022,279,80
O2.UC52-0,87814,10487,5142,87814,65602,29209,23165,36553,2128,1034
O2.UC52-2,127766,5575,2328,127766,92251,36129,27338,41192,1117,393
O2.UC53-0,191076,3840,1530,191076,142212,69840,54937,86689,557,219
O2.UC53-2,92511,4919,2291,92511,69261,34709,27647,43939,1812,797
O2.UC54-0,81195,1541,614,81195,60243,27344,21412,33171,270,92
O2.UC54-2,72834,2480,889,72834,54190,25039,19771,31142,485,137
O2.UC55-0,123343,5711,2311,123343,91150,38831,30289,46962,1451,536
O2.UC55-2,105928,4015,1612,105928,78020,38542,29808,46635,1379,607
O2.UC56-0,101073,2950,968,101073,75345,40218,31941,50374,980,301
O2.UC56-2,99281,3173,1164,99281,72162,35211,26880,41728,731,302
O2.UC57-0,99416,5179,1880,99416,72807,30686,23527,35868,1884,660
O2.UC57-2,101726,3383,1292,101726,74509,32269,24880,38153,529,178
O2.UC58-0,115850,10449,4396,115850,84163,30635,23408,36202,2119,669
O2.UC58-2,111701,8188,3953,111701,82156,33177,26136,41133,1213,552
O2.UC59-0,100700,2997,1306,100700,75031,36891,28939,45592,724,314
O2.UC59-2,86245,2180,838,86245,64654,34376,27241,43334,632,233
O2.UC6-0,68886,4360,2053,68886,53924,36148,29753,48320,2379,1157
O2.UC60-0,98444,4915,1545,98444,71718,30081,23188,34594,1562,422
O2.UC60-2,91026,3431,1281,91026,67265,29569,23178,35055,953,354
O2.UC6-1,109286,5422,3096,109286,84906,46671,39503,64434,1051,515
O2.UC6-2,96676,3318,1572,96676,73757,41088,33621,54436,614,328
O2.UC7-0,122682,9048,4418,122682,95230,55701,46438,75269,3229,1480
O2.UC7-1,134679,17764,11051,134679,104283,55177,46127,74325,7733,4986
O2.UC8-0,114379,7925,4290,114379,84905,41698,32765,50879,2958,1540
O2.UC8-1,127166,10055,5752,127166,96860,52958,43160,68693,2297,1204
O2.UC8-2,142764,8385,4056,142764,106544,57535,45854,73152,3037,1533
O2.UC9-0,106687,2396,1020,106687,80830,40559,32701,52782,383,168
O2.UC9-1,138434,3567,1490,138434,102447,52025,40968,65898,609,283
O2.UC9-2,112615,2389,1088,112615,84487,40623,32143,51243,224,98
V1.CD1-0,26761,12716,12716,26761,20531,11557,9401,14953,159,159
V1.CD10-0,26567,5956,2795,26567,20172,11586,9366,14160,3380,1897
V1.CD11-0,38099,4020,1988,38099,27226,9594,6987,9800,1318,833
V1.CD12-0,42919,2695,884,42919,31324,15739,12036,18051,828,246
V1.CD12-3,77156,15430,9337,77156,60605,40976,34405,57114,7673,4698
V1.CD13-0,57947,2425,908,57947,42825,19607,15310,24417,746,263
V1.CD1-3-PN,131089,4615,1911,131089,99512,54679,44299,70914,1145,443
V1.CD14-0,65675,2535,869,65675,46974,16811,12389,19026,570,168
V1.CD15-0,32796,390,149,32796,25448,13455,11266,17889,52,16
V1.CD15-3,105273,10789,6093,105273,82473,53276,44006,71741,4945,2885
V1.CD16-0,90215,9303,5372,90215,68177,31889,25545,40067,4036,2615
V1.CD17-0,77869,3715,1772,77869,59368,33979,27599,45191,1807,988
V1.CD17-4,108429,8891,5492,108429,81788,46276,37280,59971,3462,2324
V1.CD18-0,63650,5560,2340,63650,49787,33660,27912,45856,2399,1038
V1.CD18-3,44840,6372,3344,44840,36394,28982,24580,41659,3110,1333
V1.CD19-0,149635,8359,3483,149635,110735,57144,44919,68183,3724,1678
V1.CD2-0,20295,1882,509,20295,14767,6263,4809,7014,502,127
V1.CD20-0,101802,6771,3144,101802,78375,47856,39382,62894,2815,1305
V1.CD20-4,116464,12033,7053,116464,89393,52352,42567,69030,4643,2813
V1.CD2-0-PN,81310,5258,2843,81310,62297,35779,29381,47254,1774,967
V1.CD2-0-PT,65746,4042,2035,65746,50449,31554,25946,40686,1807,857
V1.CD21-0,58801,13306,7888,58801,46881,33161,27892,46971,5671,3355
V1.CD21-4,76204,6604,3708,76204,57031,27610,22406,35316,2000,1160
V1.CD22-0,180735,10478,4722,180735,133332,64910,50824,80065,3323,1547
V1.CD24-0,116042,3684,1276,116042,85157,38797,30047,46653,1063,313
V1.CD25-0,61942,2808,987,61942,47767,28321,23158,35842,928,329
V1.CD25-4,119682,9313,5123,119682,92081,57106,46503,73825,2222,1164
V1.CD27-0,102104,5540,2436,102104,75579,35486,27607,43157,1554,635
V1.CD28-0,90836,4027,1292,90836,68494,40751,32519,51614,1399,412
V1.CD29-0,127579,10608,4843,127579,93872,41922,32158,50658,3353,1529
V1.CD3-0,27060,45077,45077,27060,20451,11133,8979,14791,382,382
V1.CD30-0,124712,8641,3848,124712,89782,31748,23600,35567,1613,691
V1.CD31-0,96265,7394,4244,96265,72489,34898,27850,43716,1591,847
V1.CD32-0,120489,11800,6603,120489,90398,49310,39333,64151,4454,2420
V1.CD32-4,85202,4902,3053,85202,67599,44158,37246,62221,2450,1700
V1.CD3-3-PN,52556,6499,3419,52556,40797,26338,21591,35153,3221,1814
V1.CD34-0,132214,13894,6874,132214,98730,48657,38731,61809,4270,2141
V1.CD35-0,49828,7784,4418,49828,39079,27341,22833,38063,4959,2993
V1.CD35-1,68647,3642,1838,68647,52845,32262,26402,43602,1318,803
V1.CD36-0,112841,6220,3119,112841,86314,53072,43033,68937,2879,1516
V1.CD37-4,89585,5771,2793,89585,68430,37630,30820,50249,1905,858
V1.CD38-0,136780,11590,4618,136780,102001,55343,44043,70591,4943,1816
V1.CD4-0,48549,13213,13213,48549,34983,13550,10135,15279,195,195
V1.CD40-0,149844,16918,6666,149844,108705,48829,37243,56842,5977,2270
V1.CD41-0,121237,6927,3251,121237,93470,56196,45870,72798,2307,1069
V1.CD42-0,109643,3713,1506,109643,82198,44119,34891,55516,1265,531
V1.CD43-0,107432,5129,2607,107432,80166,38111,30366,46969,1953,1080
V1.CD44-0,76575,7249,4131,76575,58298,31302,25573,39570,3239,1976
V1.CD44-4,71266,2560,1255,71266,54466,29359,24397,37737,715,358
V1.CD45-0,118352,3551,1495,118352,88283,48053,37935,58755,1249,564
V1.CD46-0,98034,14681,8120,98034,75349,43857,36023,57582,4319,2321
V1.CD48-0,88632,5322,2372,88632,68576,42345,34918,56916,1819,816
V1.CD49-0,154682,7647,3296,154682,116814,61689,49643,78612,2083,803
V1.CD50-0,152883,7525,3322,152883,113688,54715,43325,68629,1777,653
V1.CD5-0-PN,43211,4487,2370,43211,35681,28301,24255,41471,3406,1941
V1.CD51-0,187624,5702,2198,187624,140308,70087,56711,88967,1501,517
V1.CD52-0,167098,7147,3058,167098,127797,67256,55563,90897,2260,772
V1.CD53-0,55811,1822,779,55811,44328,28386,24389,39697,768,357
V1.CD54-0,94640,22618,13595,94640,72793,43805,36363,60101,13382,8101
V1.CD55-0,184292,13509,7027,184292,137465,63713,51202,82047,4148,2183
V1.CD6-0,26370,33108,33108,26370,19729,9735,7753,12644,152,152
V1.CD6-4,123516,5433,2386,123516,91138,46109,36131,56042,1610,762
V1.CD7-0,58315,18501,18501,58315,43581,23288,18351,29589,1113,1113
V1.CD7-4,76185,7072,3671,76185,57414,35927,28710,46192,3470,1965
V1.CD8-0,38837,6393,6393,38837,28506,11425,8867,13513,340,340
V1.CD9-0,44301,3890,1742,44301,32802,15836,12443,18958,922,371
V1.FI01,164235,8736,4662,164235,125757,71868,59198,95234,3160,1766
V1.FI02,137283,12091,6846,137283,108099,66075,55993,91496,6121,3745
V1.FI03,88819,4239,1732,88819,66259,34879,27926,44143,1243,451
V1.FI04,163467,20971,11807,163467,124412,62019,51048,82331,5442,3036
V1.FI05,106537,20346,12530,106537,82970,50138,42011,67150,8455,5351
V1.FI06,156935,9388,4967,156935,120537,64859,53763,86519,3628,2068
V1.FI07,140819,12480,7102,140819,107374,56888,47116,74474,4433,2582
V1.FI08,117042,7030,3798,117042,90090,50423,41910,68554,1663,703
V1.FI09,137427,14252,6536,137427,102740,44684,36165,56076,3644,1389
V1.FI10,86484,11514,6925,86484,68827,43922,37933,61694,4685,3095
V1.FI11,140509,7441,4286,140509,107857,57093,47225,75844,3650,2394
V1.FI12,150777,11161,5468,150777,115689,59623,49822,80468,2257,924
V1.FI13,128256,6004,3491,128256,101335,60650,51878,84463,1458,937
V1.FI14,181669,43135,25000,181669,138527,67116,55399,90331,15586,9094
V1.FI15,129737,7647,3918,129737,99121,51469,42679,68855,2648,1323
V1.FI16,170078,11232,5820,170078,128373,65029,52864,84129,2511,1200
V1.FI17,157959,53018,35420,157959,121594,64938,54123,88158,18387,12432
V1.FI18,107853,14795,8971,107853,79356,35011,27638,43782,3368,1979
V1.FI19,142288,8722,4751,142288,112058,62918,53694,87183,2539,1389
V1.FI20,174787,10454,5877,174787,136328,78895,66653,107405,3609,2002
V1.FI21,61382,3913,1781,61382,49539,34646,30425,51724,1779,858
V1.FI22,110581,5123,2561,110581,86899,56095,47294,77492,2189,1292
V1.FI23,46448,3060,1345,46448,38637,29060,25866,44707,1265,612
V1.FI24,135861,13236,6063,135861,103175,57275,46977,74891,4444,2039
V1.FI25,136964,12962,7919,136964,106118,61933,51362,82335,3717,2201
V1.FI26,185073,8826,4213,185073,138846,69042,55849,90106,2460,1068
V1.FI27,127871,6392,2880,127871,97491,50986,41861,67263,1924,739
V1.FI28,163159,8889,4190,163159,124452,65993,54092,88295,2176,918
V1.FI29,99549,4911,2062,99549,78626,50595,42890,69706,1458,576
V1.FI30,150454,7037,2604,150454,113771,63098,51430,82302,2396,825
V1.FI31,114703,6060,2449,114703,85330,37882,30201,48126,1572,530
V1.FI32,173697,13072,6486,173697,131727,69081,56596,89509,3732,1626
V1.FI33,89814,11897,7327,89814,71331,47477,40579,65650,3173,1658
V1.FI34,115279,10990,5911,115279,89615,53553,44726,73411,3802,2120
V1.FI35,86821,3189,1099,86821,66550,39700,32620,52808,964,295
V1.FI36,179759,16878,9641,179759,135747,71468,58171,91971,5796,3275
V1.FI37,161816,15764,7962,161816,122430,65935,53668,86237,4069,1851
V1.UC1-0,100493,4071,1411,100493,76753,35722,28985,45877,1235,347
V1.UC10-0,60881,2049,755,60881,44213,16123,12307,18321,385,139
V1.UC10-2,129348,8004,3622,129348,95337,44644,34830,54645,2013,849
V1.UC11-0,74346,8566,4527,74346,55971,25221,20066,31250,2213,1187
V1.UC11-5,132662,33614,20030,132662,102100,62418,51140,82123,7073,4005
V1.UC12-0,66601,2610,974,66601,49179,22385,17264,26043,676,291
V1.UC12-4,115480,5605,2434,115480,88010,48607,39483,63193,1762,741
V1.UC13-0,53369,4890,2648,53369,39879,17758,14029,21485,1635,952
V1.UC13-3,105875,13937,8276,105875,79928,39931,32002,50802,2144,1258
V1.UC14-0,54712,2877,1038,54712,39920,17949,13710,20976,658,225
V1.UC14-1,67141,9879,5230,67141,51170,30903,24988,40806,3348,1626
V1.UC15-0,44129,2013,744,44129,32284,12944,9988,14973,292,82
V1.UC15-3,109532,7540,3645,109532,84034,51995,42425,68473,1670,759
V1.UC16-0,62983,21566,13885,62983,47276,22973,18124,28234,6346,4008
V1.UC17-0,26116,2643,1122,26116,18294,5210,3658,4921,378,146
V1.UC17-2,103322,32180,19811,103322,77450,38752,30661,48224,12174,7836
V1.UC18-0,41610,1231,325,41610,30517,14545,11294,17474,256,60
V1.UC19-0,51724,1684,567,51724,36972,14394,10774,15949,401,119
V1.UC2-0,99976,3889,1437,99976,75205,31706,25059,38522,1091,356
V1.UC21-0,40962,1537,520,40962,30138,13356,10351,16053,479,132
V1.UC21-4,127232,8300,3894,127232,96053,51106,41042,65412,2565,1246
V1.UC22-1,160130,9330,4426,160130,119756,64737,51319,81112,2906,1228
V1.UC23-0,82825,2454,824,82825,60595,27700,21079,32243,572,186
V1.UC23-1,75827,3099,1093,75827,56239,28027,22086,34395,803,222
V1.UC2-4,80991,2102,752,80991,60012,25451,20193,31349,403,116
V1.UC24-0,87813,3060,1048,87813,65093,28341,22312,35590,853,242
V1.UC25-0,80150,3800,1438,80150,60615,33684,26995,43248,1173,404
V1.UC25-1,117584,2658,1025,117584,87053,43240,33808,51751,568,199
V1.UC26-0,127378,20386,11166,127378,93841,43387,33741,51550,5965,3216
V1.UC26-4,136389,20291,11705,136389,103341,56414,45662,72711,6667,3942
V1.UC27-0,115193,4570,1884,115193,84650,36143,27797,41817,998,403
V1.UC28-0,85774,2352,897,85774,64311,30433,24312,38257,640,215
V1.UC29-0,68272,2093,694,68272,51775,27300,22184,35924,616,223
V1.UC3-0,60882,4201,1658,60882,45867,19038,15082,22540,1201,408
V1.UC30-0,98708,7707,4008,98708,74132,35115,27799,42641,2334,1205
V1.UC31-0,86946,5117,2873,86946,64737,32439,25435,39746,1090,581
V1.UC31-4,119012,6459,2966,119012,90844,53667,43443,69395,1457,627
V1.UC3-2,20478,2252,1014,20478,14939,4815,3665,5065,294,79
V1.UC32-0,156898,6031,2860,156898,118475,65069,52394,82897,1856,939
V1.UC33-0,131051,6886,3656,131051,96865,45542,35525,55348,1969,1028
V1.UC34-0,95714,5634,3106,95714,74272,47158,39025,63742,1334,645
V1.UC35-0,110857,4630,1847,110857,81458,34594,27048,42137,1534,643
V1.UC35-4,162522,14414,7747,162522,122590,66030,52918,83593,3609,1833
V1.UC36-0,99385,9892,4446,99385,75051,39100,31229,49724,3579,1788
V1.UC37-0,103348,7530,3628,103348,75946,29525,22877,36077,1448,583
V1.UC38-0,108086,8739,4129,108086,82001,45975,36920,59115,2730,1328
V1.UC38-4,117855,16688,9635,117855,89519,54370,43484,70123,4707,2604
V1.UC39-0,107001,5925,2928,107001,80345,39837,31743,48577,1630,802
V1.UC39-4,107455,11019,7274,107455,81505,46010,36919,58124,5579,4028
V1.UC4-0,93073,3427,1324,93073,69624,25335,19991,29908,778,293
V1.UC40-0,110054,12777,5122,110054,81286,41894,32570,51138,4523,1789
V1.UC40-1,138309,10096,4854,138309,103759,54104,43066,68520,2354,1010
V1.UC41-0,81485,8627,3667,81485,60941,29918,24011,37140,3527,1531
V1.UC42-0,116627,7471,3438,116627,86196,40930,31700,49118,1692,704
V1.UC43-0,152496,6291,2380,152496,114658,61028,48630,78266,2261,881
V1.UC44-0,101665,2895,1063,101665,74350,35413,27168,41712,731,216
V1.UC4-5,171568,8504,4055,171568,129441,70366,55984,88839,1847,820
V1.UC45-0,85915,4058,1527,85915,64384,34621,27260,42856,1091,358
V1.UC46-0,129346,3487,1215,129346,95910,48894,38160,59814,975,324
V1.UC47-0,122826,4785,1974,122826,91028,45955,35709,55760,1061,419
V1.UC47-4,143095,7048,3845,143095,105569,50597,39435,61286,3083,2009
V1.UC48-0,152923,4160,1421,152923,111094,51527,39332,59906,723,213
V1.UC49-0,144911,3617,1333,144911,105177,45993,34915,52275,418,143
V1.UC49-1,134883,8535,4475,134883,101877,57474,46106,73279,1493,818
V1.UC5-0,87510,1971,711,87510,64818,21322,16357,23954,237,61
V1.UC50-1,138547,41677,25600,138547,103684,55122,43729,68702,9778,5539
V1.UC51-0,111887,1690,640,111887,82228,38205,30069,46347,231,97
V1.UC51-4,137616,2617,1009,137616,100880,46841,36198,55196,496,193
V1.UC52-0,127791,3865,2014,127791,94084,43313,33524,52773,416,219
V1.UC52-1,160510,10817,5858,160510,119241,59390,46856,74541,2203,1192
V1.UC5-3,183807,12385,6670,183807,137655,75605,59686,93928,2598,1345
V1.UC53-0,115931,8090,4604,115931,87928,48301,39164,61139,2228,1452
V1.UC53-4,89198,2802,1034,89198,66607,32255,25855,39414,484,177
V1.UC54-0,162755,12543,6965,162755,123755,74410,59897,94828,3036,1629
V1.UC54-4,97230,1756,701,97230,73720,39287,32124,51033,362,140
V1.UC55-0,170277,24544,16273,170277,129399,74238,60205,97018,4292,2921
V1.UC55-4,169706,6565,3003,169706,129690,76428,61905,100617,2525,1286
V1.UC56-0,45419,3505,1992,45419,35101,21089,17350,28324,1230,656
V1.UC56-1,6353,857,163,6353,4559,2131,1578,2215,226,47
V1.UC57-0,154864,9425,4579,154864,113042,52664,40512,63530,1621,689
V1.UC58-0,109892,7439,2895,109892,80544,38048,29639,45698,2057,639
V1.UC58-4,168820,22476,13750,168820,127692,62573,50919,81390,4314,2497
V1.UC59-0,131726,8141,4060,131726,98481,53409,42519,67358,1950,879
V1.UC59-4,1249,1068,229,1249,994,616,501,778,340,79
V1.UC6-0,79593,1946,808,79593,57212,22003,16350,24169,261,96
V1.UC60-0,130000,11185,6189,130000,97303,51766,41150,65359,3238,1725
V1.UC61-0,88770,2023,699,88770,66676,36663,29388,46177,514,153
V1.UC62-0,140461,7996,3684,140461,106485,58216,47049,74719,2220,1034
V1.UC63-0,180909,11074,4481,180909,132849,67002,51983,80052,3831,1499
V1.UC64-0,122400,3656,1193,122400,91966,44737,35915,57577,940,270
V1.UC7-0,34727,639,255,34727,25674,10091,8004,12479,99,31
V1.UC8-0,74681,2093,755,74681,53699,22925,17138,26218,474,139
V1.UC9-0,50932,2870,1326,50932,37020,15342,11639,18007,520,195
CON-001,115273,5931,2641,115273,83935,38575,30023,45084,1644,805
CON-002,71804,2270,816,71804,53012,24430,19240,30066,503,163
CON-003,61733,3576,1408,61733,46465,21519,17573,27253,1186,386
CON-004,51112,1321,532,51112,40976,26955,23338,38371,429,149
CON-005,103402,8945,4294,103402,77886,37601,30567,48546,2049,861
CON-006,88331,9073,4866,88331,66185,34450,27557,43470,2151,1054
CON-007,63469,2052,938,63469,50453,32697,27916,46320,782,379
CON-008,53462,3176,1519,53462,42973,30353,26112,43059,1257,603
CON-009,41198,1401,540,41198,31890,18203,15181,24416,527,212
CON-010,59835,3164,1421,59835,45978,27790,22987,36739,1106,508
CON-011,36721,1463,512,36721,27868,13667,11322,18293,504,163
CON-012,45763,2324,1357,45763,35275,19637,16465,27150,500,252
CON-013,31678,1028,341,31678,25664,17092,14718,23295,280,96
CON-014,47352,1925,762,47352,36393,20906,17297,27861,648,231
CON-015,69594,10968,6557,69594,51455,26771,21520,33108,4799,2986
CON-016,53266,5112,2752,53266,41358,24824,20756,33796,2106,1220
CON-017,75536,2874,1391,75536,57182,30314,24749,40147,924,447
CON-018,62788,1700,617,62788,48219,26691,22110,35566,681,252
CON-019,44754,2610,1032,44754,34732,19689,16735,27526,1081,375
CON-020,39082,1761,640,39082,28928,10944,8783,13739,378,137
CON-021,75290,2905,1184,75290,56047,27860,21990,34702,767,278
CON-022,73826,3099,1248,73826,56654,28657,23806,39002,984,349
CON-023,77937,4815,2559,77937,59251,32485,26520,42845,2411,1471
CON-026,73422,2566,949,73422,57756,33952,28769,47378,773,295
CON-027,28707,1354,507,28707,21613,10714,8688,13333,498,161
CON-028,66494,5073,2112,66494,50347,26317,21381,33880,1793,714
CON-029,61099,3448,1539,61099,48122,31234,26345,42926,1366,666
CON-031,57822,3931,1876,57822,45192,28789,24035,38573,1828,846
CON-032,47355,3807,2146,47355,37038,17864,15096,24456,1219,703
CON-033,51518,1891,733,51518,38777,19228,15258,24216,500,194
CON-034,77103,3341,1265,77103,58525,29167,23885,39423,969,300
CON-035,56904,3139,1551,56904,43018,20529,16680,26244,1332,708
CON-036,85682,2991,1359,85682,64566,32360,26205,41534,811,336
CON-037,32157,1528,474,32157,24290,11955,9798,15681,513,156
CON-038,76112,3924,1758,76112,56837,28759,23123,35880,1182,444
CON-039,60404,2207,819,60404,45111,22939,18459,29443,598,200
CON-040,67632,2852,972,67632,50108,26378,20690,32492,1025,366
CON-041,93374,9803,5166,93374,70329,38371,30928,49671,2355,1073
CON-042,56835,1944,687,56835,44021,24289,20240,32277,726,209
CON-043,106661,4494,1852,106661,78682,34874,27151,41389,1197,437
CON-044,70142,3230,1297,70142,52879,28122,22870,35483,1213,526
CON-045,57244,1927,756,57244,44742,29293,24635,40686,711,304
CON-046,33311,1112,372,33311,26080,14939,12798,20694,478,150
CON-047,43023,1457,530,43023,32934,17928,14835,24631,443,172
CON-048,54627,1996,639,54627,42134,24184,20420,32612,595,208
CON-049,66955,2449,964,66955,52360,33045,27755,44888,1106,435
CON-050,44642,3328,1367,44642,33426,16794,13699,21434,889,328
CON-051,43789,2717,1618,43789,34855,20118,17448,30143,472,252
CON-052,93271,4019,1443,93271,69034,29869,23677,36491,1130,360
CON-053,82887,4931,2660,82887,63982,33560,28154,45980,1030,470
CON-054,66210,2326,926,66210,50831,29172,23857,39221,890,387
CON-055,63436,6754,4089,63436,46904,20704,16432,25046,966,490
CON-056,87577,3885,1621,87577,66729,33917,27882,44715,977,367
CON-057,67371,2261,959,67371,50960,27014,22287,36459,673,267
CON-058,54812,1242,472,54812,40534,20631,16161,25155,354,134
CON-059,51027,2616,1097,51027,40864,27254,23387,39373,1171,453
CON-060,68821,11633,6154,68821,54467,35972,30601,51369,4879,2551
CON-061,41927,8066,4892,41927,32803,18677,15823,25373,3859,2405
CON-062,34922,1961,758,34922,26267,12283,10184,16437,704,244
CON-063,48973,1240,483,48973,36333,16633,13197,20632,273,105
CON-064,34688,1097,458,34688,26437,12739,10722,17303,193,83
CON-065,95398,4192,1859,95398,73652,44680,37283,61324,1319,615
CON-066,78253,4406,1847,78253,60749,34325,28781,46446,1944,781
CON-067,54602,2712,1276,54602,42083,24303,20123,32049,1411,685
CON-068,56990,5989,3974,56990,43476,22710,18708,28913,3446,2470
CON-069,69880,3945,2132,69880,52348,25121,20352,32309,1202,675
CON-070,70556,2418,1080,70556,54599,30013,25042,40024,888,408
CON-071,44707,1487,663,44707,34075,17180,14055,22533,558,278
CON-072,39020,1281,473,39020,30271,16197,13490,23011,380,120
CON-073,79613,6742,3629,79613,58765,24551,19437,30381,1526,748
CON-074,44869,1030,396,44869,35431,21606,18383,29460,276,82
CON-075,70595,2753,1298,70595,54316,30938,25407,42196,698,304
CON-076,103275,4772,1982,103275,79853,45752,37855,61187,1700,680
CON-077,68184,2881,1469,68184,51668,28588,23452,37559,576,249
CON-078,74562,2467,938,74562,57704,33974,28357,46301,892,286
CON-079,29970,2040,746,29970,23334,13693,11570,18591,624,236
CON-080,60748,1600,645,60748,47014,29496,24317,38609,498,192
CON-081,60763,2978,1411,60763,47835,28352,24204,40175,810,299
CON-082,44371,2321,789,44371,33619,17383,14361,22385,922,285
CON-083,74785,7374,3748,74785,56887,29400,24027,37213,3477,1977
CON-084,65609,3392,1490,65609,51469,30806,25944,42099,888,384
CON-085,70006,3319,1346,70006,51371,23677,18494,28520,724,281
CON-086,48993,3450,1732,48993,38544,24691,20913,34278,1397,767
CON-087,12010,555,188,12010,9403,5532,4588,7539,235,86
CON-088,48066,2306,960,48066,36576,18867,15535,24844,956,390
CON-089,57158,2390,1032,57158,42500,19018,15240,24157,332,128
CON-090,69877,2894,1280,69877,53673,31502,26235,42662,1073,470
CON-091,32163,2107,1341,32163,25495,14858,12912,20902,344,165
CON-092,74792,2617,1135,74792,56962,30078,24826,39931,551,219
CON-093,53847,2353,1003,53847,40557,20039,16189,24513,766,352
CON-095,78423,2441,822,78423,60461,35262,29161,47572,838,284
CON-096,60405,8277,3619,60405,47473,27372,23291,37988,5205,2256
CON-097,69534,2667,1180,69534,53107,28350,23397,36862,553,222
CON-098,119686,4971,2060,119686,90009,44980,36212,57812,1300,506
CON-099,69922,3959,1685,69922,55205,31705,27157,44904,2011,886
CON-101,78151,2846,1228,78151,59872,32788,27252,43790,962,383
CON-104,59028,7547,4759,59028,46026,29868,25273,40439,2127,1310
CON-105,33242,1758,788,33242,25111,12443,10058,16501,470,206
CON-106,59026,2297,737,59026,47401,28411,24611,40257,1173,344
CON-107,52691,3043,1105,52691,40728,21693,18166,28435,1264,450
DLF001,27492,1374,462,27492,21563,13204,11060,17572,642,187
DLF002,36372,1580,524,36372,26843,13728,10721,16605,516,179
DLF003,39966,3950,1442,39966,29513,12474,9712,14042,1432,506
DLF004,46807,2086,789,46807,34443,16385,12886,20161,842,307
DLF005,65645,4236,1540,65645,47606,21709,16497,25257,1656,618
DLF006,50686,1802,503,50686,37493,15366,11982,18423,662,96
DLF007,31828,2295,1165,31828,24445,15427,12615,20239,824,350
DLF008,36751,2291,829,36751,28326,16722,13762,22346,1154,412
DLF009,36825,3558,1423,36825,28047,16327,13240,20275,1300,485
DLF010,53223,3447,1429,53223,39370,20344,15729,24116,1230,540
DLF012,36173,6283,3221,36173,27504,16894,13727,21905,2459,1207
DLF013,54393,2325,1075,54393,40323,19499,15183,23378,837,373
DLF014,37597,7468,4776,37597,29650,20999,17654,29410,5122,3451
DLM001,76549,6843,3374,76549,59280,31506,26051,41354,1805,652
DLM002,67909,3104,1080,67909,49928,25120,19591,29889,1186,412
DLM003,48747,4024,1794,48747,35706,15948,12402,18505,797,248
DLM004,32643,695,159,32643,25092,14346,11775,18547,294,76
DLM005,52153,2429,759,52153,38681,16804,13044,19644,776,231
DLM006,48792,2087,679,48792,36572,16989,13614,20832,890,290
DLM007,49622,1472,518,49622,36154,15529,11779,17485,340,101
DLM008,50984,4992,2345,50984,37800,16222,12737,19980,1397,627
DLM009,32445,4660,2123,32445,24840,15339,12526,20709,1992,882
DLM010,56395,2459,1076,56395,41219,19868,15559,23674,938,441
DLM011,40347,1455,478,40347,30008,14254,11347,17365,439,127
DLM012,43870,5479,2362,43870,32443,15945,12510,18126,2388,784
DLM013,72201,14390,9642,72201,54562,28525,22911,35617,5696,3987
DLM014,72494,7749,3733,72494,54237,26924,21394,32787,2748,1333
DLM015,51168,1825,772,51168,38483,20908,16832,26677,580,220
DLM016,59675,2948,1414,59675,44371,20759,16492,26330,713,232
DLM017,52136,1852,586,52136,38369,18337,14464,22090,561,162
DLM018,51407,5057,2499,51407,37829,19392,15059,22965,2444,1352
DLM019,70631,9823,5439,70631,52310,24417,19082,30091,3116,1653
DLM020,48406,1224,396,48406,37952,25062,21013,34392,473,212
DLM021,47703,1083,383,47703,35832,18308,14685,22629,300,108
DLM022,110245,13612,5583,110245,82383,40277,32107,50901,4320,1659
DLM023,67629,2673,1105,67629,49209,21114,16294,24636,718,311
DLM024,21795,3131,1539,21795,17363,12019,10172,17457,1721,859
DLM027,37709,3740,1920,37709,28974,17809,14544,22751,2232,1242
DLM028,61711,3756,1287,61711,46561,25678,20623,32436,1607,530
DOF002,42275,3529,1021,42275,31440,13569,10527,16835,904,167
DOF003,77117,3324,1255,77117,56381,27223,21128,32572,857,310
DOF004,62645,6294,3447,62645,47710,29084,23774,37607,2408,1263
DOF006,42564,2241,709,42564,32082,18125,14748,24050,917,268
DOF007,33142,1196,304,33142,25271,14187,11544,18344,313,49
DOF008,53112,6596,2999,53112,40257,23510,18992,29112,3029,1203
DOF009,51044,1787,634,51044,38237,17132,13731,21163,510,170
DOF010,37654,3972,1716,37654,27670,14780,11342,17251,1431,494
DOF011,18341,776,347,18341,14436,9006,7565,12104,411,202
DOF012,38057,5397,2015,38057,29339,18893,15505,24384,2346,815
DOF013,37350,1350,439,37350,27769,15157,12088,19150,409,149
DOF014,42439,1784,622,42439,31629,16249,12918,20270,546,190
DOM001,69878,2853,1176,69878,51216,25345,19697,29728,601,264
DOM003,29024,2202,890,29024,21828,12593,10068,15605,1065,449
DOM005,38294,10923,5921,38294,29877,17984,14980,23861,6741,3864
DOM008,42257,1295,409,42257,32355,19825,16203,25314,489,120
DOM010,63888,2989,1528,63888,49559,26831,22489,37301,1342,796
DOM012,52982,15405,8857,52982,39372,21275,16741,25719,5515,3240
DOM013,74727,3779,1474,74727,55004,28166,21908,33518,1481,583
DOM014,42601,2111,676,42601,30365,14804,11195,17074,602,185
DOM015,37523,3127,1835,37523,28629,17748,14438,23192,537,247
DOM016,62649,2284,834,62649,47348,25923,21121,33247,1062,402
DOM017,50352,2365,848,50352,36808,19873,15649,24506,807,266
DOM018,50314,2810,1416,50314,37931,21023,16881,27064,832,371
DOM019,71473,5705,2814,71473,52930,24229,19137,29766,977,359
DOM020,29646,944,368,29646,22464,12015,9667,15279,289,112
DOM021,42102,1491,424,42102,31084,13706,10839,16583,319,83
DOM022,61001,8827,5414,61001,47358,29273,24174,38782,4288,2820
DOM023,23775,827,235,23775,18807,11372,9569,15169,317,89
DOM024,35075,1323,371,35075,26244,13866,11079,18152,439,115
DOM025,52566,2269,801,52566,38174,18581,14421,21731,616,235
DOM026,64164,7045,4135,64164,47165,23355,18097,27798,1783,897
ED10A,113428,8997,4789,113428,87073,50663,42293,69766,2375,943
ED11A,38371,2033,743,38371,29688,16803,14262,22343,640,282
ED16A,111135,10578,5445,111135,85945,48161,40376,66807,5484,3072
HT14A,89991,26906,17062,89991,70273,44772,37742,61861,6994,4296
HT25A,96811,14362,8918,96811,74254,45397,37739,61728,5332,3467
HT8A,78104,8187,4242,78104,61111,38080,31995,50625,3826,2067
N075A,90821,3895,1794,90821,70094,37767,31875,50262,1769,874
N104A,62632,2462,1048,62632,48635,25233,21358,34168,691,282
NLF001,39920,1442,666,39920,29459,13305,10382,16203,309,113
NLF002,34989,2207,1370,34989,26495,13940,11260,18109,1156,774
NLF005,53857,3496,1544,53857,39998,18532,14839,23244,929,412
NLF006,32612,4034,1785,32612,23750,11680,9228,13774,1618,764
NLF007,79157,8954,4186,79157,58156,25059,19479,30517,1945,723
NLF008,43314,993,308,43314,33777,21312,17709,28727,406,145
NLF009,58926,1383,470,58926,42538,17763,13378,19630,318,93
NLF010,31106,586,190,31106,23156,12000,9410,14415,225,77
NLF011,42736,2429,790,42736,31897,18706,14809,23258,673,242
NLF012,50881,2083,877,50881,39365,23726,19444,32053,846,332
NLF013,69444,5265,2625,69444,51693,26914,21163,32912,1808,941
NLF014,32629,963,298,32629,24069,13078,10377,16138,292,93
NLF015,42257,940,361,42257,32353,16622,13755,22286,306,106
NLM001,30848,1583,606,30848,23415,12554,10146,15788,619,262
NLM002,35637,1231,451,35637,26159,11667,9160,13890,407,152
NLM003,25932,1136,246,25932,19284,10731,8689,13080,320,60
NLM004,59214,5040,2024,59214,43227,21042,16173,24173,1850,775
NLM005,40873,1648,550,40873,28721,14138,10565,16048,367,118
NLM006,86276,4254,1602,86276,63087,31075,23952,36447,1460,492
NLM007,46209,2579,1260,46209,34789,19322,15558,24598,722,297
NLM008,37868,1151,421,37868,28711,15562,12658,19860,388,156
NLM009,23897,897,322,23897,18162,9956,8134,11825,421,163
NLM010,68879,3064,1292,68879,51856,29127,23458,37823,1326,595
NLM015,43845,2297,779,43845,32199,17871,14100,22091,701,256
NLM016,17310,1719,527,17310,12844,6402,5039,7412,704,207
NLM017,51310,1679,611,51310,38488,20444,16326,25170,462,156
NLM021,78246,3278,1264,78246,58902,29002,23327,36788,1345,478
NLM022,65881,2934,1178,65881,48583,24960,19619,30887,912,368
NLM023,77653,6643,4005,77653,57331,27926,21952,33805,3175,2265
NLM024,34021,1607,531,34021,25863,12931,10479,16242,363,114
NLM025,30606,2324,712,30606,22682,11132,8657,13061,934,276
NLM026,75194,6276,2930,75194,56211,26111,20965,33205,2644,1265
NLM027,62405,17262,10322,62405,46289,24895,19579,30910,5568,3450
NLM028,53101,1655,633,53101,39916,19915,15873,25101,546,218
NLM029,73144,4977,2272,73144,54465,29055,23005,36574,2316,1088
NLM031,70867,5118,2623,70867,52407,24563,19327,30589,1936,1063
NLM032,85844,5322,2360,85844,62561,30787,23585,36009,1813,742
NOF001,44955,1879,477,44955,32852,15072,11642,18094,832,198
NOF002,38423,1683,712,38423,29770,16418,13644,22159,620,221
NOF004,45531,1358,379,45531,34289,17794,14240,23139,393,122
NOF005,76085,2506,1058,76085,55861,27660,21473,32701,785,300
NOF006,46940,986,260,46940,34368,18019,13996,21519,372,98
NOF007,50945,1527,601,50945,37611,19247,14865,22707,469,174
NOF008,84664,8893,4973,84664,62484,28703,22543,34386,1854,953
NOF009,39917,3085,1897,39917,30220,15465,12480,19838,1138,802
NOF010,70766,5841,2532,70766,52649,25273,20115,30840,2938,1341
NOF011,45308,1233,435,45308,33321,14663,11430,17305,233,85
NOF012,61780,2366,772,61780,44710,20052,15201,22687,630,214
NOF013,64029,7504,2298,64029,47238,23539,18463,28161,4245,1234
NOF014,65571,3094,1096,65571,47724,21727,16730,26612,1046,396
NOM001,31891,1302,451,31891,23299,9517,7492,11085,355,100
NOM002,57101,2092,806,57101,44275,26843,22168,36143,789,299
NOM004,40851,4329,2760,40851,31046,17760,14425,22831,838,470
NOM005,61942,2425,813,61942,45564,22514,17618,27253,887,289
NOM007,49984,2160,889,49984,36584,17000,13186,19981,617,271
NOM008,42542,1862,621,42542,31302,14679,11488,17756,488,180
NOM009,78131,3045,1376,78131,57426,29665,23018,36059,905,429
NOM010,54368,1628,635,54368,41392,23352,19060,30142,555,231
NOM012,59277,2645,816,59277,42865,17575,13173,19770,798,211
NOM013,47411,1850,589,47411,35587,16539,13159,21456,618,173
NOM014,44232,1598,474,44232,33078,17589,14015,22358,491,115
NOM015,45225,545,188,45225,33684,16465,13135,20493,101,37
NOM016,65841,1787,596,65841,47325,20010,15149,22927,497,170
NOM017,39939,1747,677,39939,29539,13588,10540,15534,501,222
NOM018,64377,3189,1314,64377,47791,25316,19907,30778,1049,422
NOM019,55101,1743,596,55101,40882,19698,15689,24949,603,166
NOM020,49818,2788,1277,49818,38002,19287,15782,24651,876,337
NOM022,41936,2898,1048,41936,31641,17840,14353,22009,1142,431
NOM023,35359,6013,2196,35359,27448,17774,14716,23658,2180,685
NOM025,40039,1254,449,40039,30874,18863,15648,24812,453,142
NOM026,65193,8758,4461,65193,47547,26184,20350,30667,3284,1780
NOM027,35164,2353,819,35164,26446,15127,12113,19201,777,264
NOM028,61489,2524,852,61489,45681,23508,18503,28918,879,270
NOM029,51321,1559,488,51321,38280,20176,16220,24974,470,141
SZEY 101A,52037,3238,3238,52037,39879,18874,15599,24836,1200,1200
SZEY 103A,67592,3689,3689,67592,51415,25089,20569,33233,1250,1250
SZEY 104A,68955,2900,2900,68955,53134,29435,24632,39607,862,862
SZEY 106A,86009,2794,2794,86009,65894,33735,28209,45657,739,739
SZEY 90A,29339,1227,1227,29339,22776,11701,9886,15739,494,494
SZEY 93A,36258,4743,4743,36258,27060,11957,9723,15411,1905,1905
SZEY 95A,24087,885,885,24087,19637,13544,11883,19198,291,291
SZEY 97A,67320,6117,6117,67320,51744,25216,20979,32890,1497,1497
SZEY 99A,41210,2820,2820,41210,30950,12729,10377,15699,1139,1139
T2D 189A,98257,4136,4136,98257,72940,32421,25678,39434,1015,1015
T2D 192A,55674,1639,1639,55674,42314,19883,16585,26532,483,483
T2D 195A,51862,1837,1837,51862,39987,21104,17652,28358,552,552
T2D 198A,111963,3345,3345,111963,85465,47388,39203,62972,882,882
T2D 206A,56322,948,948,56322,42714,21493,17525,28077,140,140
T2D 207A,53276,1794,1794,53276,40832,23747,19528,31109,477,477
T2D-001,102685,7206,3908,102685,75993,36075,28590,44063,2699,1685
T2D-002,56330,1497,439,56330,44315,27890,23439,38725,654,183
T2D-003,86234,14249,6016,86234,65325,36929,30174,48136,7075,2634
T2D-004,74643,3795,2066,74643,56682,31215,25455,40622,717,332
T2D-005,51144,2762,1571,51144,39037,22183,18142,28844,943,581
T2D-006,47198,2102,830,47198,35089,16434,13095,20930,633,239
T2D-007,40150,1798,863,40150,30758,16646,13821,21927,687,342
T2D-008,69810,3899,1490,69810,51339,24099,18942,29244,757,290
T2D-009,72523,3096,1509,72523,53077,26928,20959,32401,791,368
T2D-010,48618,2500,1218,48618,37860,22330,18763,30527,552,205
T2D-011,83630,3223,1279,83630,63034,30054,24530,39311,799,303
T2D-012,101157,4503,1844,101157,77276,40629,33713,55133,1162,467
T2D-013,85054,2778,1106,85054,66477,39627,33610,56103,1030,401
T2D-014,47278,5287,2649,47278,37488,26071,22475,36869,1847,891
T2D-015,113131,4896,2146,113131,84706,42362,34152,53904,1123,462
T2D-016,68845,9273,5066,68845,53367,31448,26607,42094,3949,2127
T2D-017,57605,5697,2709,57605,43444,23141,18885,29522,1687,570
T2D-018,71020,2584,1004,71020,53959,26218,21373,33892,791,269
T2D-019,66076,5556,2903,66076,51428,29694,25205,41092,2015,1089
T2D-020,39386,11755,6705,39386,30545,17750,14978,23676,2727,1255
T2D-021,64929,1903,821,64929,48940,20145,16277,26109,430,164
T2D-022,81488,7743,4283,81488,62389,37092,30484,49823,1567,694
T2D-024,142863,19582,11067,142863,109474,63404,52423,85569,10152,6256
T2D-025,90177,1916,787,90177,68567,37008,30600,49878,615,301
T2D-026,83699,5215,2529,83699,61795,29649,23249,35919,1522,649
T2D-028,50681,2670,1191,50681,40958,27984,24167,40235,1224,610
T2D-029,62436,5528,2323,62436,46870,27810,22170,34737,2259,981
T2D-030,66152,4374,1896,66152,50602,25670,21224,34333,1653,750
T2D-031,52798,1673,628,52798,40148,21389,17655,28331,519,200
T2D-036,74116,3171,1208,74116,54433,22799,18046,28131,676,218
T2D-039,79606,3391,1446,79606,60569,34452,27997,45368,1287,540
T2D-040,58161,3895,1572,58161,43289,20977,17082,25594,1512,564
T2D-041,101320,7355,3753,101320,77340,41232,34020,54859,1765,821
T2D-042,105237,4699,2022,105237,80305,42669,35401,58043,1290,546
T2D-043,151526,9365,4460,151526,116019,63169,52310,83487,2714,1127
T2D-044,31893,9484,6088,31893,25154,15165,12941,21061,2793,1479
T2D-045,73119,10498,6236,73119,58915,38880,33847,55991,3813,2199
T2D-046,49029,1487,634,49029,37923,22646,18959,30892,727,362
T2D-047,64321,2100,892,64321,52020,37176,31843,53526,871,367
T2D-050,114950,5304,2366,114950,87016,48480,39393,61730,1711,691
T2D-051,103534,5987,2942,103534,76351,38514,30246,47494,2842,1484
T2D-052,59033,4648,2067,59033,46031,29100,24189,38539,2492,1141
T2D-053,39573,1845,754,39573,31344,19187,16547,27077,737,307
T2D-054,65502,8619,5586,65502,50924,29563,24839,40444,1924,960
T2D-055,63847,2014,794,63847,49066,28792,23708,39049,814,297
T2D-056,82387,6339,3338,82387,61980,33888,27283,44039,1862,903
T2D-057,57323,3812,1674,57323,44710,27955,23449,37248,877,289
T2D-058,94421,4566,1878,94421,71147,41127,33482,52279,1270,464
T2D-059,105056,6880,3465,105056,79513,39609,31809,50319,2336,1213
T2D-060,75755,7244,4247,75755,55567,25422,19903,31149,1083,544
T2D-062,133073,6911,3234,133073,102263,55869,46404,74974,2344,1105
T2D-063,80467,4651,2693,80467,62298,38492,32256,51356,899,410
T2D-064,106704,5853,2728,106704,79933,40443,32526,51723,2145,1129
T2D-065,86473,7596,3356,86473,66586,38554,32138,51782,3572,1661
T2D-066,113373,14053,8270,113373,84042,38561,30553,46138,3079,1672
T2D-067,70934,8461,3896,70934,55578,33883,28773,46708,5423,2680
T2D-068,96790,5788,3302,96790,75594,46545,38765,62769,1482,839
T2D-069,48903,951,333,48903,37689,21001,17374,28582,267,100
T2D-070,92730,11729,6484,92730,70804,35228,29305,47260,2791,1543
T2D-071,56144,3072,1270,56144,44517,29789,25576,40353,1447,610
T2D-072,81009,7210,3109,81009,61873,35775,29249,46330,2316,1058
T2D-073,67359,7157,3075,67359,50976,25103,20653,32130,3246,1551
T2D-074,59732,5462,2119,59732,45549,26003,21086,34652,1550,566
T2D-075,108058,23807,14520,108058,82112,37096,30268,50077,5324,3067
T2D-076,54826,2298,1072,54826,42666,24794,21011,34960,407,151
T2D-077,98401,6336,3002,98401,74887,40326,33075,51962,2081,931
T2D-078,61910,3078,1342,61910,48810,29225,25177,41675,1320,564
T2D-079,92879,3799,1876,92879,68935,33142,26408,41269,1574,946
T2D-080,77190,5887,3068,77190,58495,31259,25524,41111,2424,1504
T2D-081,86030,4552,2180,86030,65267,35774,29320,47206,1878,983
T2D-082,91873,3978,1474,91873,69700,34384,28354,44521,1420,549
T2D-083,37067,1126,429,37067,30102,22690,19516,33042,374,142
T2D-084,84760,3514,1675,84760,63672,32498,25976,40974,967,484
T2D-085,127873,7208,3245,127873,97068,46927,38389,62185,2350,976
T2D-086,52078,4425,1698,52078,40705,24935,20892,33195,1914,728
T2D-087,50237,2756,1331,50237,37987,21670,17422,27635,974,533
T2D-088,62691,3926,2131,62691,49303,32857,27768,45423,1076,518
T2D-089,80683,9171,5606,80683,61279,32862,26928,43363,2013,1032
T2D-090,96994,10624,6328,96994,73842,39354,32597,52116,3243,1912
T2D-091,76308,5095,2862,76308,59889,33984,28472,45657,1526,868
T2D-092,76218,27065,15514,76218,60063,39700,33620,55203,13015,7391
T2D-093,94682,2920,1197,94682,71778,39804,32322,52053,724,251
T2D-094,89808,2418,944,89808,67565,38150,31017,50704,701,263
T2D-095,18913,2488,832,18913,13173,5242,3831,5454,609,201
T2D-096,98779,13944,8703,98779,75584,43877,36123,57592,7158,4871
T2D-097,55981,3519,1294,55981,43596,24657,20725,32361,1355,485
T2D-098,61921,2152,997,61921,46998,21792,17777,28547,446,197
T2D-099,100083,8019,3834,100083,79616,52373,44467,72674,3585,1754
T2D-100,128375,11599,4945,128375,98821,54113,44856,72403,3508,1306
T2D-101,29917,5705,4165,29917,23587,16418,13743,23384,3966,3103
T2D-102,43396,19320,13109,43396,33800,21849,17990,28379,6122,4114
T2D-103,79037,5574,2439,79037,62285,40299,34196,55169,2001,764
T2D-104,66002,11834,8075,66002,52626,34561,29622,48534,5803,4037
T2D-105,128203,19353,19353,128203,97712,50862,41793,66864,3144,3144
T2D-106,70644,10449,10449,70644,52052,23848,18727,29456,773,773
T2D-107,83696,11070,11070,83696,64516,35317,29327,46975,1624,1624
T2D-108,94394,2883,1263,94394,73371,42201,35660,58359,1036,430
