eggNOG,n,post_prob
COG1674,3.0,0.9999999984561028
COG2995,1.0,0.9484828250920521
COG1546,2.0,0.8781633000810214
NOG29913,2.0,0.8767498306625336
COG0768,3.0,0.24846390733925075
COG3077,1.0,0.12744637154452376
COG0817,1.0,0.08975948217241343
NOG99429,1.0,0.07848629940145457
COG1638,1.0,0.06718442666952526
COG0733,1.0,0.05738327332253577
NOG73098,1.0,0.05621452539136087
NOG48364,1.0,0.051210882233849175
NOG92956,1.0,0.04525974200349593
COG2860,1.0,0.042461105574460645
NOG97883,4.0,0.041458437626501865
NOG84308,1.0,0.031780061250724086
COG4275,1.0,0.027768217027450682
COG3594,1.0,0.02568404349077672
COG3409,2.0,0.020793813387183457
COG3957,1.0,0.02077367166271051
COG2310,1.0,0.02075749965974178
COG1629,1.0,0.020586189264875657
NOG04566,2.0,0.01913634577485447
NOG01333,2.0,0.018744292826373625
NOG41099,1.0,0.017013684263641964
NOG03032,2.0,0.015028115180842147
NOG116229,2.0,0.014957204409384185
COG3250,7.0,0.014622261558416996
NOG01056,2.0,0.013933200074652334
COG1737,2.0,0.01308067641076393
NOG40142,1.0,0.01285569158019984
COG0188,2.0,0.010995890712226704
NOG63031,1.0,0.010921657203691315
NOG11604,1.0,0.010861325488392366
NOG39455,1.0,0.009880181006794586
NOG140987,1.0,0.009536896242631196
NOG10930,2.0,0.009286968767341187
NOG09246,1.0,0.009112421790772277
COG3109,1.0,0.009073794877235506
NOG79248,1.0,0.009062105850222013
COG3394,1.0,0.009035659525626644
NOG02085,1.0,0.008995944683173827
NOG101860,1.0,0.008995925482873075
NOG08455,1.0,0.008995825543504324
NOG101652,1.0,0.008995822380222004
NOG56150,1.0,0.00899577665073655
COG3026,1.0,0.008995773484995412
COG1534,1.0,0.008995772757303875
NOG101231,1.0,0.008995770788095743
COG5619,1.0,0.008995769944596948
NOG84709,1.0,0.008995768695793126
NOG108646,1.0,0.008995767325794492
COG3203,1.0,0.008995767231285588
COG2369,1.0,0.008995767092878517
COG1859,1.0,0.008995767034173922
COG4669,1.0,0.008995767023110278
COG0826,1.0,0.00899576700965093
NOG37725,1.0,0.00899576698565564
NOG02696,1.0,0.008995766956756688
NOG82635,1.0,0.008995766951963783
COG4829,1.0,0.008995766930015059
COG1636,1.0,0.008995766922679588
COG1555,1.0,0.00899576690599538
COG5655,1.0,0.00899576688342874
NOG18650,1.0,0.008995766860596163
COG5628,1.0,0.008995766855113996
COG4737,1.0,0.00899576685255632
NOG03950,1.0,0.008995766849609276
COG3247,1.0,0.008995766846708334
COG1328,1.0,0.00899576684652843
COG2938,1.0,0.008995766843277167
COG0371,1.0,0.008995766842859122
NOG67307,1.0,0.008995766841032097
COG1875,1.0,0.008995766839587277
NOG139497,1.0,0.008995766838970258
NOG64130,1.0,0.008995766838290339
NOG40150,1.0,0.008995766838085138
NOG178890,1.0,0.008995766838069687
NOG104116,1.0,0.008995766838067971
COG5445,1.0,0.008995766837923745
NOG23211,1.0,0.008995766837893328
COG0742,1.0,0.00899576683782945
COG1127,1.0,0.00899576683782945
NOG148151,1.0,0.008995766837813998
NOG96192,1.0,0.008995766837813998
NOG55307,1.0,0.008995766837812334
NOG10188,1.0,0.008995766837706557
COG0636,1.0,0.00899576683765485
NOG214251,1.0,0.00899576683763175
COG3066,1.0,0.008995766837616518
NOG30349,1.0,0.008995766837616416
NOG01747,1.0,0.008995766837603399
NOG59973,1.0,0.00899576683756393
NOG22782,1.0,0.008995766837559453
COG2949,1.0,0.0089957668375319
COG4332,1.0,0.00899576683753174
NOG214521,1.0,0.008995766837530181
COG2425,1.0,0.008995766837527341
COG0630,1.0,0.00899576683752583
COG1285,1.0,0.008995766837524654
COG2357,1.0,0.008995766837506202
NOG144367,1.0,0.008995766837505737
NOG05361,1.0,0.008995766837505737
NOG38679,1.0,0.008995766837505737
NOG61713,1.0,0.008995766837501992
COG1473,1.0,0.008995766837501598
COG0260,1.0,0.008995766837501234
NOG96667,1.0,0.008995766837500847
NOG79384,1.0,0.00899576683750054
NOG03198,1.0,0.008995766837499404
COG1826,1.0,0.008995766837498151
COG3260,1.0,0.008995766837496474
NOG03600,1.0,0.008995766837494918
COG3563,1.0,0.008995766837494864
NOG213103,1.0,0.008995766837494812
COG5511,1.0,0.0089957668374948
NOG103902,1.0,0.0089957668374948
COG2830,1.0,0.008995766837494708
COG0401,1.0,0.008995766837494614
NOG14115,1.0,0.008995766837494572
NOG09733,1.0,0.008995766837494566
COG1787,1.0,0.008995766837494375
NOG79245,1.0,0.008995766837494359
COG4677,1.0,0.008995766837494352
NOG86160,1.0,0.008995766837494343
NOG125215,1.0,0.008995766837494331
COG2911,1.0,0.008995766837494314
COG0398,1.0,0.008995766837494283
COG2321,1.0,0.00899576683749428
COG4812,1.0,0.008995766837494257
NOG09905,1.0,0.00899576683749425
COG0245,1.0,0.00899576683749425
COG0249,1.0,0.00899576683749425
COG0229,1.0,0.00899576683749425
COG3299,1.0,0.008995766837494245
COG4171,1.0,0.008995766837494245
NOG82668,1.0,0.008995766837494241
NOG02717,1.0,0.008995766837494241
NOG10427,1.0,0.008995766837494238
NOG155334,1.0,0.008995766837494238
COG4130,1.0,0.008995766837494238
NOG80143,1.0,0.008995766837494229
NOG21464,1.0,0.008995766837494226
NOG85166,1.0,0.008995766837494226
NOG62985,1.0,0.008995766837494226
COG3866,1.0,0.00899576683749422
COG1088,1.0,0.008995766837494217
NOG40262,1.0,0.008995766837494217
NOG19718,1.0,0.008995766837494213
NOG80962,1.0,0.008995766837494213
COG0729,1.0,0.00899576683749421
COG2206,1.0,0.00899576683749421
NOG215379,1.0,0.008970960539187814
NOG76147,1.0,0.008970357279697319
NOG150674,1.0,0.008967206379372756
COG3391,1.0,0.008966598782051794
NOG12085,1.0,0.008966292809187254
COG1921,1.0,0.00896615924747086
NOG36288,1.0,0.008966112035269359
COG0393,1.0,0.008966102238741638
COG0627,1.0,0.008966080316331655
NOG79988,1.0,0.008966073836199072
NOG30275,1.0,0.008966059690101785
NOG105921,1.0,0.008966059147355094
COG1883,1.0,0.008966056845680529
NOG106552,1.0,0.008966055953903375
COG1597,1.0,0.008966052489286506
COG3070,1.0,0.008966051072674688
COG3647,1.0,0.008966050857888732
NOG89953,1.0,0.008966050432346719
NOG38418,1.0,0.008966050327111404
NOG83150,1.0,0.008966050033915741
COG4123,1.0,0.008966049987374413
NOG91866,1.0,0.008966049962978492
NOG11540,1.0,0.00896604986402575
NOG05569,1.0,0.008966049823814087
NOG72373,1.0,0.008966049822003233
COG0538,1.0,0.008966049819378487
NOG08608,1.0,0.008966049817547691
COG2353,1.0,0.008966049814450133
COG2859,1.0,0.008966049812541246
COG2188,1.0,0.008966049809103527
COG1123,1.0,0.008966049808279095
COG4208,1.0,0.008966049807034903
NOG101743,1.0,0.008966049806838504
COG4810,1.0,0.008966049806566522
COG0769,1.0,0.008966049806458877
COG1166,1.0,0.00896604980617134
COG2759,1.0,0.008966049804877363
NOG103376,1.0,0.008966049804768008
COG3189,1.0,0.00896604980460571
COG0320,1.0,0.00896604980414763
COG0023,1.0,0.008966049803715561
COG4619,1.0,0.008966049803556113
NOG100684,1.0,0.008966049803530147
NOG213240,1.0,0.008966049803516719
NOG214808,1.0,0.008966049803449967
NOG48996,1.0,0.008966049803440552
COG2146,1.0,0.008966049803399063
NOG15143,1.0,0.00896604980332964
NOG48437,1.0,0.00896604980331704
NOG03660,1.0,0.008966049803238733
NOG84802,1.0,0.00896604980323348
COG1165,1.0,0.008966049803212459
NOG20405,1.0,0.008966049803169382
NOG12526,1.0,0.00896604980316021
COG3923,1.0,0.008966049803159577
NOG79032,1.0,0.008966049803148751
COG2323,1.0,0.008966049803109057
COG3878,1.0,0.008966049803108524
NOG15232,1.0,0.008966049803101998
NOG97241,1.0,0.008966049803065828
COG1024,1.0,0.008966049803051948
NOG161551,1.0,0.0089660498030338
NOG00127,1.0,0.00896604980303016
COG1282,1.0,0.008966049803027497
NOG53482,1.0,0.008966049803024826
COG3328,1.0,0.008966049803024713
NOG37793,1.0,0.008966049803023042
COG0077,1.0,0.008966049803021547
COG4965,1.0,0.008966049803021339
NOG15016,1.0,0.008966049803020536
COG0510,1.0,0.008966049803018801
NOG00172,1.0,0.008966049803016721
COG1021,1.0,0.008966049803016638
COG1105,1.0,0.00896604980301579
COG1120,1.0,0.008966049803015574
NOG65108,1.0,0.008966049803015217
NOG10353,1.0,0.008966049803014908
NOG54547,1.0,0.008966049803014667
NOG35789,1.0,0.008966049803014619
NOG54959,1.0,0.008966049803014615
COG2227,1.0,0.008966049803014346
COG4570,1.0,0.008966049803014312
COG0215,1.0,0.008966049803014223
COG3104,1.0,0.008966049803014223
COG1089,1.0,0.008966049803014211
NOG03277,1.0,0.008966049803014211
NOG146624,1.0,0.008966049803014207
NOG120389,1.0,0.008966049803014202
COG0196,1.0,0.008966049803014202
COG1250,1.0,0.008966049803014202
COG1853,1.0,0.008966049803014195
NOG94036,1.0,0.008966049803014195
COG1377,1.0,0.008966049803014192
NOG04184,1.0,0.008966049803014183
NOG218395,1.0,0.008966049803014183
NOG48733,1.0,0.00896604980301418
NOG09626,1.0,0.00896604980301418
COG0407,1.0,0.008966049803014176
COG3160,1.0,0.008966049803014176
COG1515,1.0,0.008966049803014176
COG1489,1.0,0.008966049803014176
COG1362,1.0,0.00896604980301417
COG3455,1.0,0.00896604980301417
COG2141,1.0,0.008966049803014159
COG4533,1.0,0.008966049803014155
NOG00097,1.0,0.008964864399795542
NOG207980,1.0,0.008938035602575594
NOG05581,1.0,0.008937407900180397
NOG67178,1.0,0.008937074686992931
NOG08400,1.0,0.008937067040822281
COG2807,1.0,0.008937039411435591
COG2501,1.0,0.008936714715338686
NOG04399,1.0,0.008936571926633703
NOG09869,1.0,0.008936480593128505
COG0090,1.0,0.008936450473327882
COG0358,1.0,0.008936445015077515
COG3459,1.0,0.008936442966345378
NOG74565,1.0,0.008936436482188732
NOG109255,1.0,0.008936434493492997
COG0488,1.0,0.008936434490721828
NOG50595,1.0,0.00893643233503775
COG3051,1.0,0.00893643196774708
COG5520,1.0,0.008936431683485683
COG3037,1.0,0.008936431610040634
NOG46398,1.0,0.008936431338544585
COG1843,1.0,0.008936430599945516
COG2905,1.0,0.00893643049196478
NOG10470,1.0,0.008936430490925781
COG3136,1.0,0.008936430397956842
NOG89404,1.0,0.008936430326752898
COG0059,1.0,0.008936430305291359
NOG45121,1.0,0.008936430163666891
NOG57396,1.0,0.008936430140234096
NOG114486,1.0,0.008936430117291559
NOG27853,1.0,0.008936430116108732
COG0130,1.0,0.008936430110337552
COG3525,1.0,0.008936430088895653
COG2031,1.0,0.008936430082760728
NOG73413,1.0,0.008936430073589102
COG4242,1.0,0.008936430071128638
COG1733,1.0,0.008936430069742804
NOG87322,1.0,0.008936430068383494
NOG99276,1.0,0.008936430066260435
COG3475,1.0,0.008936430061851007
COG4692,1.0,0.008936430060612208
NOG217140,1.0,0.008936430059445518
NOG83925,1.0,0.008936430056808383
COG0337,1.0,0.008936430055884405
NOG110642,1.0,0.008936430055884405
COG3978,1.0,0.008936430055434989
NOG00101,1.0,0.008936430055063827
NOG212843,1.0,0.00893643005440438
NOG04629,1.0,0.008936430053904446
NOG01469,1.0,0.008936430053904446
NOG84032,1.0,0.00893643005297422
COG3457,1.0,0.008936430052880006
COG0590,1.0,0.008936430052574525
COG1230,1.0,0.008936430052499255
COG5455,1.0,0.00893643005242469
COG0404,1.0,0.008936430052340637
NOG13741,1.0,0.008936430052280868
NOG19023,1.0,0.008936430052236601
COG3728,1.0,0.008936430052200857
NOG80929,1.0,0.008936430052185569
COG0596,1.0,0.008936430052173495
NOG103052,1.0,0.008936430052145004
COG4221,1.0,0.008936430052036913
COG2848,1.0,0.008936430052036107
COG0253,1.0,0.008936430052017611
COG0747,1.0,0.008936430052009874
COG2733,1.0,0.008936430051999929
NOG71606,1.0,0.008936430051995093
COG2832,1.0,0.00893643005198976
COG1830,1.0,0.008936430051979962
NOG06203,1.0,0.00893643005197735
COG1611,1.0,0.008936430051975601
NOG120040,1.0,0.00893643005195562
COG1286,1.0,0.008936430051952712
COG4147,1.0,0.008936430051947407
COG1570,1.0,0.008936430051941065
NOG103144,1.0,0.008936430051939122
COG2982,1.0,0.008936430051936454
NOG09963,1.0,0.00893643005193645
NOG30569,1.0,0.008936430051935828
NOG215976,1.0,0.008936430051935082
NOG63510,1.0,0.008936430051933121
NOG19775,1.0,0.008936430051931937
NOG18521,1.0,0.008936430051930708
COG3224,1.0,0.008936430051930325
COG1486,1.0,0.00893643005192956
NOG201599,1.0,0.008936430051928498
COG3790,1.0,0.008936430051928323
COG4890,1.0,0.008936430051928323
NOG00078,1.0,0.008936430051927962
NOG102254,1.0,0.00893643005192791
COG2730,1.0,0.008936430051927909
NOG20250,1.0,0.008936430051927723
COG3520,1.0,0.00893643005192764
COG0645,1.0,0.008936430051927423
NOG09632,1.0,0.00893643005192741
COG0395,1.0,0.008936430051927199
NOG26638,1.0,0.008936430051927199
NOG08771,1.0,0.008936430051927192
COG3083,1.0,0.008936430051927192
COG4816,1.0,0.008936430051927183
COG0180,1.0,0.008936430051927168
NOG58750,1.0,0.008936430051927164
NOG167798,1.0,0.008936430051927164
COG0034,1.0,0.008936430051927164
NOG02730,1.0,0.008936430051927161
NOG72489,1.0,0.008936430051927161
NOG49695,1.0,0.008936430051927161
NOG71263,1.0,0.008936430051927157
COG3114,1.0,0.008936430051927157
COG2960,1.0,0.008936430051927145
COG4869,1.0,0.008936430051927142
NOG01091,1.0,0.008936430051927142
COG0377,1.0,0.008936430051927135
COG0230,1.0,0.008906907271600104
NOG39245,1.0,0.008848151377689564
COG1682,1.0,0.008789779638999745
COG2829,1.0,0.008760741080990044
NOG101900,1.0,0.00873178964988173
NOG208246,1.0,0.008616944768160637
NOG56959,1.0,0.008579927316485055
COG4988,1.0,0.008560091082481923
NOG41168,1.0,0.008546659713254665
NOG01250,1.0,0.008496107623432905
COG4917,1.0,0.00844747941565288
NOG64490,1.0,0.008439069667914398
COG3718,1.0,0.00839173130897427
NOG81661,1.0,0.008336342533870097
NOG62584,1.0,0.008281319017478733
NOG99661,1.0,0.008281319016662755
COG4222,1.0,0.008281319015556244
COG1488,1.0,0.008226655663805144
COG0653,1.0,0.00819951614210947
NOG187137,1.0,0.008199458943883622
COG1225,1.0,0.008184325743397572
COG0141,1.0,0.00817235236805079
COG2966,1.0,0.00817235236805079
NOG114889,1.0,0.00817235236805079
NOG10236,1.0,0.00814533092649892
COG3732,1.0,0.00811852409655525
COG0161,2.0,0.008091895002805246
NOG90022,2.0,0.00809155904819223
COG2213,1.0,0.008091558074566558
COG1179,2.0,0.008091557838529323
COG2374,1.0,0.00809155783601053
COG0116,1.0,0.00809155783596418
NOG105288,2.0,0.008065022277800859
COG5013,2.0,0.008064804040445798
NOG27972,2.0,0.008064803556637162
NOG57428,2.0,0.008064803500138181
COG3948,2.0,0.008064803500089862
NOG06968,1.0,0.00806480349925552
COG3221,2.0,0.008051316048337706
COG1020,1.0,0.008038542195250905
NOG01415,1.0,0.008038542195250905
NOG14094,1.0,0.008038145093906
COG3830,1.0,0.008038138052418268
COG0738,2.0,0.008038137916433458
COG2376,1.0,0.008038136908677909
NOG03738,1.0,0.008038136907640983
COG2030,1.0,0.008038136907640983
NOG40930,2.0,0.008038136907594171
COG0019,1.0,0.008038136907573188
NOG08578,2.0,0.008012011073280185
NOG05854,2.0,0.00801159251118722
COG3437,2.0,0.008011559054494145
COG5587,1.0,0.008011558225106121
NOG212673,2.0,0.00801155778825646
COG0555,2.0,0.008011557781471623
COG1922,2.0,0.008011557777875671
COG2961,2.0,0.008011557777875645
NOG82272,2.0,0.007985069800533966
COG3951,1.0,0.00798506584338575
COG1705,1.0,0.00798506584338575
NOG69112,2.0,0.007985065828120717
NOG149342,2.0,0.007985065828012502
NOG55039,1.0,0.007985065828006455
NOG80178,1.0,0.007932344163099026
COG0618,1.0,0.007909956095338415
NOG18770,1.0,0.007906110403736236
COG0442,1.0,0.007906110398210498
NOG119257,1.0,0.007856224160027365
NOG01925,1.0,0.007854879842989973
COG1551,1.0,0.007853904006555218
COG3274,2.0,0.00782792922282562
NOG03279,1.0,0.007827929215373137
NOG82570,1.0,0.007776280502296161
NOG56069,1.0,0.007700163338174236
COG3116,1.0,0.007673863559999936
COG2991,1.0,0.007623176479542158
COG2871,1.0,0.007623176479542158
COG2209,1.0,0.007623176479542158
COG1347,1.0,0.007623176479542158
COG2378,1.0,0.007572915562938137
COG3209,1.0,0.007572824287002183
NOG84349,1.0,0.007547772002472256
COG4690,1.0,0.007522802047107546
NOG41112,1.0,0.007522802041452072
NOG26491,2.0,0.007518555237203292
COG2516,1.0,0.007506816414092158
NOG16537,1.0,0.007497920344489555
NOG75699,1.0,0.007497914041415555
COG4664,1.0,0.007448382968869451
NOG222060,1.0,0.007399177377967981
COG2059,3.0,0.007382917572432802
NOG89697,1.0,0.007325971778346248
NOG15641,1.0,0.007325971485980497
NOG09831,1.0,0.0073259714824581434
NOG22172,1.0,0.007325971482410617
COG1167,1.0,0.007301730030709346
COG0719,1.0,0.007277568266092145
NOG03143,1.0,0.007277567916107858
COG1017,1.0,0.007277567915154745
COG4572,1.0,0.007257789744311491
NOG14304,2.0,0.007229482015864818
COG2878,1.0,0.007226459140005976
NOG98301,1.0,0.007211041702635454
NOG57473,3.0,0.007205557195048736
COG3758,1.0,0.007205557195043129
NOG102036,1.0,0.007181711169996256
COG2390,2.0,0.007181711165562583
NOG02832,1.0,0.007158198634532163
COG1372,1.0,0.007134260342624497
COG0466,1.0,0.007134258070025386
NOG172778,1.0,0.007116107055508721
COG2064,2.0,0.007088032867247745
NOG10801,1.0,0.007087918927915322
NOG32323,1.0,0.0070871082114987915
NOG56373,1.0,0.007087108069918559
NOG218084,1.0,0.007063661676035068
NOG84987,1.0,0.007063651162227867
NOG70034,1.0,0.007063651159619083
NOG82572,1.0,0.007058460356439602
COG2913,2.0,0.007042794467182109
COG4387,1.0,0.0070402716383984616
COG4845,1.0,0.007040271514762682
COG0461,1.0,0.006998091587759893
COG1561,1.0,0.006998091587759893
COG0528,1.0,0.006993742209487274
NOG03201,2.0,0.006970603595580847
COG3448,1.0,0.006970592323582503
COG3654,1.0,0.006949369200402241
NOG112822,1.0,0.006947518362332493
NOG55740,1.0,0.006924520336783912
NOG71784,1.0,0.006924520325281836
COG0489,1.0,0.0069031342526569206
NOG105001,1.0,0.0069015979445297936
NOG73875,1.0,0.0068787508997735156
NOG170617,1.0,0.0068787508148013725
COG0792,1.0,0.006878750811584831
COG0480,1.0,0.006855988363949614
COG1060,1.0,0.0068332819830213476
COG2022,1.0,0.0068332819830213476
COG1678,1.0,0.006811161706085218
NOG118034,1.0,0.00681066036911094
COG1805,1.0,0.006788111609408757
COG1726,1.0,0.006788111609408757
NOG140144,1.0,0.00676563732441453
NOG120685,1.0,0.0067209114918772225
NOG51889,1.0,0.006720910787466719
COG0237,1.0,0.006676478059118579
NOG39197,1.0,0.006654700390573933
NOG04556,2.0,0.006654393540829685
COG3318,1.0,0.006654373538358927
NOG52333,1.0,0.006654372256920224
NOG34939,1.0,0.006654371404928071
NOG50010,1.0,0.006654371206443475
COG0664,1.0,0.006632544829989134
COG3778,1.0,0.006610376204729339
COG1666,2.0,0.006610375474446303
COG3964,1.0,0.006602256465021432
NOG01132,1.0,0.006588486034362097
COG0770,1.0,0.006588486034362097
COG3293,1.0,0.006566668617067245
COG0757,1.0,0.0065631734876026694
COG0611,1.0,0.0065631734876026694
COG0781,1.0,0.0065631734876026694
COG4668,2.0,0.006544941722233043
NOG105626,1.0,0.006544923026504594
NOG21018,2.0,0.006523250066223716
COG3617,1.0,0.006480133330156915
COG2932,4.0,0.006458653512148082
COG0746,1.0,0.00643726325463967
COG3084,1.0,0.00643726325463967
COG0571,3.0,0.006416943065133088
COG0301,2.0,0.006373513869213518
COG1399,1.0,0.0063313635566074776
NOG47527,1.0,0.006331363494230763
COG0168,1.0,0.006289489476410354
COG0144,1.0,0.006289489476410354
COG0264,2.0,0.006289489457488566
NOG75476,1.0,0.006289489457319242
NOG104112,1.0,0.006289489457319242
NOG97114,1.0,0.0062479129063636035
NOG06603,1.0,0.006247891199871354
COG0783,1.0,0.006227194934025166
COG2003,2.0,0.006227194903336365
NOG51435,1.0,0.00622719452578751
NOG145652,1.0,0.006227194392996296
COG3681,2.0,0.00620710523860185
NOG00461,3.0,0.006206693114907212
COG3436,2.0,0.006206567013836398
NOG65613,2.0,0.006105209818099042
NOG51855,1.0,0.0060842621476932335
COG2414,1.0,0.006064153973849084
COG4148,1.0,0.006064096986337729
NOG03673,1.0,0.006044961110693082
COG2842,2.0,0.006023952657396927
COG3107,1.0,0.006020162681871869
NOG143288,1.0,0.005965272736662054
COG2272,1.0,0.00596427491700575
COG1835,1.0,0.005964259696204441
NOG02818,2.0,0.005958961267883148
NOG39885,1.0,0.005924804561676933
NOG02827,1.0,0.005905165888534947
COG0854,4.0,0.005885643610562122
NOG220466,1.0,0.00588561685150984
NOG79900,1.0,0.005880964496799809
NOG72780,1.0,0.00586616173698594
COG0083,1.0,0.0058660939448856916
NOG61847,1.0,0.0058466545105079586
COG3660,1.0,0.005823023179213044
COG1874,1.0,0.005788721888047259
NOG01410,3.0,0.005788721772853891
NOG72461,1.0,0.005769535831634424
COG3609,1.0,0.005750414402616196
NOG00427,1.0,0.005712509555863209
COG0580,1.0,0.005706819004618294
COG0027,1.0,0.0056558491110570205
COG2388,2.0,0.005655749341931694
NOG30686,2.0,0.005641525485301438
COG1322,2.0,0.005637035374426205
NOG67485,1.0,0.005637003128201929
COG0569,2.0,0.005618318674554293
COG1083,1.0,0.005618318665355085
COG0690,1.0,0.005581151197677909
COG0552,1.0,0.0055806754148777695
COG3314,2.0,0.005562726615326706
NOG115775,2.0,0.005562634026176358
COG0288,2.0,0.005489302565259435
COG0084,1.0,0.005477846505819704
COG1662,2.0,0.005471249707805516
NOG49054,1.0,0.005471050986526556
COG4933,2.0,0.005430840780370688
COG0744,1.0,0.005403076834629375
COG0013,1.0,0.005398852817325705
COG0620,1.0,0.005398852817325705
NOG50560,2.0,0.005398851894405809
NOG11925,1.0,0.005380952538591759
COG4565,1.0,0.005366503823233663
NOG62514,1.0,0.00536075898450329
NOG52288,1.0,0.00534564969756303
COG0550,2.0,0.0053453307433838386
COG3756,2.0,0.0052747905127940265
COG4783,1.0,0.005264820458239544
NOG167845,1.0,0.0052604655191494
NOG77282,1.0,0.005257314553786192
COG0071,2.0,0.005239866736605147
NOG78029,1.0,0.005222491618341434
COG0568,3.0,0.005206613017012355
COG1055,1.0,0.005205173928334725
NOG213314,2.0,0.005188064268906961
COG2062,1.0,0.0051879134020595494
NOG05715,1.0,0.005187913334862019
COG1846,1.0,0.005170715822200549
COG3395,1.0,0.005170709759513206
NOG134950,1.0,0.0051535964451207075
COG4843,1.0,0.00513647449260666
NOG197570,2.0,0.0051212796220697675
NOG38657,1.0,0.005120147430607209
COG1380,2.0,0.005119460304721876
NOG112613,1.0,0.005085544497804717
NOG09832,2.0,0.00508554053064593
COG4339,1.0,0.005083567445330911
COG0120,1.0,0.0050518634279067024
COG0162,1.0,0.0050518634279067024
COG2958,1.0,0.005035202388862476
COG2109,1.0,0.005035108570575933
COG4146,1.0,0.0050323669149259604
NOG92051,1.0,0.00501840885543813
COG0004,2.0,0.004981765261733261
COG4951,1.0,0.004959935938212179
COG1145,2.0,0.004952173693734431
COG5283,3.0,0.004952160467786787
COG0759,1.0,0.004935785874323136
NOG16309,1.0,0.004934645212107515
NOG17539,1.0,0.004929875975806547
COG4226,3.0,0.00491936302565225
NOG161041,1.0,0.004870620061795139
COG2968,1.0,0.004869319212290784
NOG01357,1.0,0.004837700353999991
NOG116560,1.0,0.0048329577091444625
COG1042,1.0,0.0048222625345348095
NOG65106,1.0,0.004806266713166112
COG1951,1.0,0.004790321460607918
COG1838,1.0,0.004790321460607918
COG0244,1.0,0.004775872346558451
NOG10833,2.0,0.004743091907855111
COG0091,5.0,0.004680177239789337
COG0212,2.0,0.004679959684625188
NOG07224,1.0,0.004664693391420811
COG0351,1.0,0.004664649257543455
COG3852,1.0,0.004664649135155392
NOG160984,1.0,0.004659706311424388
COG3096,1.0,0.004643537365518132
COG2337,1.0,0.004633746959351065
COG4706,2.0,0.004628441201189526
COG4105,2.0,0.004618526343946811
NOG103774,1.0,0.00461837340278686
NOG17134,1.0,0.004590112464902656
COG3911,2.0,0.0045877947551414555
NOG214951,1.0,0.004564891501434028
NOG85040,2.0,0.004557381515830954
COG2377,2.0,0.004527186347715758
COG2768,2.0,0.004497190742638685
NOG59110,1.0,0.004468183462147083
COG1464,2.0,0.0044522822290178924
NOG112862,1.0,0.004444643124268503
COG1947,1.0,0.004437841351242735
NOG49387,1.0,0.004433821512662373
NOG97058,1.0,0.004433254603193039
COG1321,1.0,0.004416017748231785
NOG61866,1.0,0.004416017748231785
COG1226,2.0,0.00440847561811561
NOG83475,1.0,0.00440766626713078
COG0080,1.0,0.004395233952674877
COG4679,2.0,0.004364767841310943
NOG56716,1.0,0.004350166698900357
NOG22838,1.0,0.004335889055586259
NOG00052,1.0,0.0043320110989000585
COG4185,1.0,0.004316646126241822
NOG81789,1.0,0.004314556436046796
COG5362,2.0,0.004311323496654353
COG4178,1.0,0.004306997558071948
COG2856,2.0,0.004278769282115631
COG0455,1.0,0.004273406031148585
COG1419,1.0,0.004273406031148585
COG1092,1.0,0.004254668910905991
COG1788,1.0,0.004236147493856675
COG1251,1.0,0.004229262000015942
NOG04126,1.0,0.00421955902777803
COG2304,3.0,0.004193972606264377
COG1879,1.0,0.004189387107873485
COG0659,1.0,0.0041851921401603485
COG4667,1.0,0.0041754356080999045
COG2183,1.0,0.0041702569247836704
NOG36314,1.0,0.004166147125414166
COG3725,1.0,0.004162008610527969
COG1448,1.0,0.004159614578339886
NOG37000,1.0,0.004152314642625229
NOG47743,1.0,0.004152314642625229
NOG103115,1.0,0.004145417968190987
NOG51107,2.0,0.004125377847865856
NOG66665,1.0,0.004124791684755587
NOG15531,1.0,0.004107623879862273
COG3605,1.0,0.0040989762328815516
NOG08181,1.0,0.0040989762328815516
COG0057,2.0,0.00409746494813947
COG3423,2.0,0.004094085014864136
COG1876,1.0,0.004093678342453521
NOG23083,1.0,0.004093239829519245
COG1198,1.0,0.004078461871451053
NOG13560,1.0,0.004074559028127847
COG2610,1.0,0.004063234429935009
NOG50966,1.0,0.004056282049045451
COG2026,1.0,0.00404132479506791
COG0470,2.0,0.004033019254712698
NOG51914,1.0,0.004032281600842783
COG3700,1.0,0.004029992614030971
COG1741,1.0,0.004029887487649109
NOG09780,1.0,0.0040277300791370565
COG0174,1.0,0.004025025102047603
NOG77632,1.0,0.004016593343669694
COG1494,1.0,0.004016481644508596
NOG222299,1.0,0.0040079379236636235
COG0473,3.0,0.004004065924330507
COG5393,1.0,0.00399948486451455
NOG19617,1.0,0.003992936557981664
NOG51475,2.0,0.0039898838599941805
NOG215953,1.0,0.00398932857636504
COG1217,1.0,0.003985191912875255
COG0285,1.0,0.003985073176498711
COG0101,1.0,0.003985073176498711
NOG08502,1.0,0.0039836165225924335
NOG07096,1.0,0.003979908860742592
COG2834,1.0,0.003979655374657533
COG1158,1.0,0.003978913375404459
NOG93991,1.0,0.003978691382260374
COG2867,1.0,0.003977322359358402
COG2717,1.0,0.003977234189423314
COG2041,1.0,0.003977234189423314
NOG42373,1.0,0.003971091264161934
COG2364,1.0,0.003970339023138965
COG0049,1.0,0.003969195871552703
NOG49336,1.0,0.0039685388656852125
COG1729,1.0,0.003967877392437817
NOG74730,1.0,0.003967737661533292
COG2812,1.0,0.003964115433497082
NOG91878,1.0,0.00396088966931406
NOG07339,1.0,0.003959977124502633
COG4823,1.0,0.0039585502329512546
COG2827,1.0,0.003956946295839025
NOG103119,1.0,0.0039567028804234836
COG1956,1.0,0.003955934746107211
NOG32328,1.0,0.003955727158322683
COG2822,1.0,0.0039556962750590206
COG0773,1.0,0.003955586362352717
COG0132,1.0,0.003955548074990129
NOG30754,1.0,0.0039539184847352145
COG1540,1.0,0.003950274156000304
COG5309,1.0,0.003947692615523744
NOG51104,1.0,0.003946381251121096
NOG126998,1.0,0.003946143447963185
NOG05672,1.0,0.003945870235243503
COG0343,1.0,0.003945579374308262
COG0809,1.0,0.003945579374308262
NOG75198,1.0,0.003945240455839523
NOG04403,1.0,0.003944809505621538
COG1560,1.0,0.003944051753850529
NOG96226,1.0,0.00394328239046834
NOG220490,1.0,0.003942755095370416
COG0112,1.0,0.003942381775814807
NOG170327,1.0,0.003941818668407519
COG1466,1.0,0.003941763020793295
COG1057,1.0,0.003941763020793295
COG4143,1.0,0.003940412057649667
NOG98290,1.0,0.003939725996877308
NOG115104,1.0,0.0039397149397646025
NOG213528,1.0,0.00393890708931212
NOG31224,1.0,0.003938532882505908
COG1714,1.0,0.003937974270496722
COG2431,1.0,0.003937778562931295
COG2255,1.0,0.003937573050154794
NOG115574,1.0,0.003937158590422457
NOG215466,1.0,0.003936980392875891
NOG68750,1.0,0.00393694030101257
NOG143187,1.0,0.0039368079446844
COG2401,1.0,0.0039368079446844
COG4535,1.0,0.003936801197911302
NOG127723,1.0,0.003936375379522521
COG1607,1.0,0.003935796546446778
COG2222,1.0,0.003935335872695341
COG3663,1.0,0.0039346853653092605
COG4787,1.0,0.003934566196417774
COG1252,1.0,0.003934335773224034
NOG61506,1.0,0.003934298591373859
NOG05644,1.0,0.003933770421662782
COG1764,1.0,0.003933729346425478
NOG13403,1.0,0.0039336587618820995
NOG98005,1.0,0.003933446651574357
COG1988,1.0,0.00393330831507846
COG3106,1.0,0.003932971307944468
NOG101763,1.0,0.003932899473733057
COG0021,1.0,0.003932735222933044
COG0684,1.0,0.003932212130276302
COG2996,1.0,0.003931774827302774
NOG46236,1.0,0.003931704183435347
COG1200,1.0,0.0039310280502127355
NOG226665,1.0,0.003930896112665861
NOG101784,1.0,0.00393088516690696
NOG15164,1.0,0.003930875214711129
NOG30061,1.0,0.003930670757519848
NOG85861,1.0,0.0039302339202291064
NOG26400,1.0,0.003930218403689356
NOG111162,1.0,0.003930208434258253
COG1397,1.0,0.003930094647139427
COG4573,1.0,0.003930091427302801
COG1035,1.0,0.003929836065712061
NOG66075,1.0,0.003929504284185337
NOG85915,1.0,0.00392948283598502
COG0029,1.0,0.003929310576464718
NOG11278,1.0,0.003929161892297156
NOG87077,1.0,0.003928846147948244
COG1496,1.0,0.003928694424445266
COG3855,1.0,0.003928642876898167
COG0711,1.0,0.0039284877553793715
COG0224,1.0,0.0039284877553793715
NOG47154,1.0,0.003928428977537448
COG0803,1.0,0.003928382173844649
COG1695,1.0,0.003928381383560191
COG4694,1.0,0.003928343605270951
NOG06391,1.0,0.003928229157382199
NOG23311,1.0,0.003928213482834168
NOG59999,1.0,0.003927959422200066
NOG90175,1.0,0.003927811594024073
COG2818,1.0,0.003927685394997732
COG3188,1.0,0.003927658425092363
NOG212547,1.0,0.003927545780500122
NOG142035,1.0,0.003927512748016947
COG5498,1.0,0.00392748671641709
NOG03359,1.0,0.0039274416210724845
NOG40406,1.0,0.0039274416210724845
NOG01033,1.0,0.003927426535309846
COG2264,1.0,0.003927307379456488
NOG92062,1.0,0.003927269866328055
NOG107472,1.0,0.00392723970584091
NOG12029,1.0,0.003927172855659727
COG0722,1.0,0.003927023831108087
COG1738,1.0,0.003926963109274146
COG1672,1.0,0.0039268188217924495
COG0054,1.0,0.003926611389991674
COG0267,1.0,0.00392659108080103
COG0227,1.0,0.00392659108080103
COG1418,1.0,0.003926516510028888
COG1758,1.0,0.0039265007020637755
NOG40626,1.0,0.003926469051881978
COG0177,1.0,0.003926400774474311
NOG59328,1.0,0.003926356220472516
COG0479,1.0,0.0039263435901177885
COG3029,1.0,0.0039263435901177885
COG1197,1.0,0.003926312878620946
COG4271,1.0,0.003926303259843553
NOG149395,1.0,0.003926211725953558
COG1653,1.0,0.003926191610013325
NOG49851,1.0,0.0039261736644422285
NOG54995,1.0,0.003926088849170646
COG3722,1.0,0.0039260521208041585
NOG08974,1.0,0.003926012392102149
NOG01942,1.0,0.003925969870480722
COG5405,1.0,0.003925945713832282
COG0018,1.0,0.003925945713832282
COG3178,1.0,0.003925921658660724
NOG152406,1.0,0.003925916419598553
NOG24655,1.0,0.0039259077536425045
NOG218412,1.0,0.003925906230652601
NOG01656,1.0,0.0039258443950033065
NOG59334,1.0,0.003925815470166829
NOG03465,1.0,0.00392579027195312
COG1214,1.0,0.00392577905660952
NOG28329,1.0,0.003925762362631708
NOG50213,1.0,0.00392574405877304
COG2956,1.0,0.003925730230882953
COG2916,1.0,0.003925730230882953
COG0284,1.0,0.003925730230882953
COG1749,1.0,0.00392572346970407
COG0469,1.0,0.003925710657616585
NOG21418,1.0,0.003925669783646364
NOG104484,1.0,0.00392563071321371
COG2801,1.0,0.003925612544021431
NOG00615,1.0,0.00392558758358198
COG3712,1.0,0.003925586440735639
NOG41473,1.0,0.0039255780124717215
NOG30741,1.0,0.00392557308324021
NOG03356,1.0,0.0039255619768305645
COG0688,1.0,0.003925552542034323
NOG38977,1.0,0.003925547188493987
COG4772,1.0,0.003925514356785552
COG3153,1.0,0.003925512521695531
COG3600,1.0,0.003925508264765393
NOG63967,1.0,0.00392537824635089
NOG29556,1.0,0.0039253709086609755
COG3131,1.0,0.0039253336211093354
NOG54389,1.0,0.003925320350804501
COG0045,1.0,0.00392531971573447
NOG24473,1.0,0.003925310704043885
NOG33079,1.0,0.00392530597160864
NOG05867,1.0,0.003925246226170837
COG3451,1.0,0.003925231735368761
COG2948,1.0,0.003925231735368761
NOG67570,1.0,0.003925163852073441
COG1562,1.0,0.003925152775620927
NOG01214,1.0,0.003925141547089639
NOG19740,1.0,0.00392513579174278
COG5005,1.0,0.003925112820720558
NOG58086,1.0,0.0039250831302838985
NOG81272,1.0,0.00392505563958607
COG3592,1.0,0.003925043800881341
NOG24030,1.0,0.003925029943834488
NOG00205,1.0,0.003925018176772308
COG1066,1.0,0.0039249872043372325
COG2981,1.0,0.003924983591771185
COG1403,1.0,0.003924978561486278
NOG09625,1.0,0.003924900445210685
NOG12365,1.0,0.003924897123415771
COG2813,1.0,0.003924894678989486
COG0030,1.0,0.003924894678989486
COG1995,1.0,0.003924894678989486
NOG120405,1.0,0.0039248913674242965
NOG44986,1.0,0.003924872391098047
COG0283,1.0,0.00392485619710761
COG0241,1.0,0.0039248525219157775
COG3915,1.0,0.003924836424464377
NOG102713,1.0,0.003924836424464377
COG0556,1.0,0.003924836158260033
NOG10196,1.0,0.003924836158260033
NOG15829,1.0,0.0039248305627635535
NOG99475,1.0,0.003924830165130946
COG0311,1.0,0.003924809680555613
COG0797,1.0,0.003924796057647019
COG0772,1.0,0.003924796057647019
NOG81541,1.0,0.003924780223789484
NOG69702,1.0,0.003924758267245362
NOG13577,1.0,0.003924754880976321
COG0559,1.0,0.003924690358850689
NOG89684,1.0,0.003924688464244519
COG1288,1.0,0.003924685009305764
COG1544,1.0,0.003924678217772195
NOG210971,1.0,0.003924672480161342
COG3977,1.0,0.00392466891691011
NOG36552,1.0,0.003924662933682715
COG0048,1.0,0.003924650194172862
COG2906,1.0,0.003924622167720283
COG3530,1.0,0.003924619052274368
NOG58647,1.0,0.003924614498111797
NOG45890,1.0,0.003924612558256402
COG1792,1.0,0.003924609784682335
COG2891,1.0,0.003924609784682335
COG0147,1.0,0.003924608813024335
COG0231,1.0,0.003924607390187806
COG3132,1.0,0.003924602817018211
COG0379,1.0,0.00392459286085448
NOG102480,1.0,0.003924591185009208
COG0252,1.0,0.003924584907567707
COG2091,1.0,0.003924583746608473
NOG63947,1.0,0.003924581982495386
COG0608,1.0,0.003924570683220646
NOG12328,1.0,0.003924542942393565
NOG04000,1.0,0.003924536638428749
NOG106544,1.0,0.003924522862647031
COG2606,1.0,0.0039245108634597264
NOG13353,1.0,0.003924509913328799
NOG05754,1.0,0.0039245077746032095
NOG113672,1.0,0.003924498822963614
NOG96181,1.0,0.003924497106920026
COG0701,1.0,0.003924496354191272
NOG152775,1.0,0.00392449155719956
COG4598,1.0,0.00392448141861334
COG4160,1.0,0.00392448141861334
NOG36483,1.0,0.003924480684597155
COG0339,1.0,0.003924478112035046
NOG65164,1.0,0.003924468004768196
COG0166,1.0,0.003924461643375213
NOG00672,1.0,0.0039244567802627075
COG5567,1.0,0.00392445613047901
NOG15210,1.0,0.003924455372446942
COG1866,1.0,0.003924445361375844
COG0728,1.0,0.003924445320392351
COG0613,1.0,0.003924436969147828
NOG05221,1.0,0.003924428777796517
NOG217149,1.0,0.003924418631334955
COG2718,1.0,0.003924417907116743
COG1643,1.0,0.003924411204547842
COG2407,1.0,0.0039244001129363935
NOG79662,1.0,0.0039243973493681104
NOG08445,1.0,0.0039243892750072465
NOG80712,1.0,0.003924384706800115
NOG105267,1.0,0.003924384367849959
COG4108,1.0,0.003924383984402294
COG0484,1.0,0.003924379240589525
NOG63538,1.0,0.003924379084222002
COG3765,1.0,0.00392436814195601
NOG26137,1.0,0.003924367928913405
COG0652,1.0,0.00392435963406751
NOG54218,1.0,0.003924356539003
COG0779,1.0,0.003924355399796438
COG2814,1.0,0.003924354501149317
COG0692,1.0,0.003924349541204369
COG0203,1.0,0.00392434901854066
COG0522,1.0,0.00392434901854066
COG0100,1.0,0.00392434901854066
NOG101028,1.0,0.0039243481425144215
NOG79187,1.0,0.003924348071638703
NOG53279,1.0,0.003924345908024405
COG4657,1.0,0.003924339186585428
COG4659,1.0,0.003924339186585428
NOG28409,1.0,0.003924338336561486
NOG04681,1.0,0.0039243362049179685
NOG36668,1.0,0.003924332555565738
NOG214329,1.0,0.003924323858096106
COG0125,1.0,0.0039243171228834275
COG0222,1.0,0.003924315385389641
NOG65142,1.0,0.00392431529508855
COG0052,1.0,0.00392431523908121
NOG89563,1.0,0.003924311545924552
COG0012,1.0,0.003924310825734866
COG1151,1.0,0.003924304887663492
NOG01222,1.0,0.003924301195129629
COG1043,1.0,0.003924279428220775
COG1044,1.0,0.003924279428220775
COG2825,1.0,0.003924279428220775
NOG10098,1.0,0.003924278761941726
COG1743,1.0,0.003924278761941726
COG1267,1.0,0.00392427478791034
NOG112979,1.0,0.00392427225942999
COG3009,1.0,0.003924271732168896
COG5518,1.0,0.003924267081620813
NOG33416,1.0,0.0039242660313637346
NOG102490,1.0,0.003924262760107857
COG1048,1.0,0.0039242604305465495
NOG10152,1.0,0.0039242582891006175
NOG182791,1.0,0.003924257912766683
COG4680,1.0,0.003924255980841646
COG2854,1.0,0.003924255305133281
COG3028,1.0,0.003924255305133281
NOG32026,1.0,0.003924253693574758
NOG77951,1.0,0.003924249757361566
NOG02238,1.0,0.003924245157654296
COG0218,1.0,0.0039242445364088534
COG0138,1.0,0.003924238953425317
COG0654,1.0,0.003924238231618143
COG0481,1.0,0.003924236412303947
COG1159,1.0,0.003924236412303947
NOG88795,1.0,0.003924236273278048
COG4487,1.0,0.003924235747066245
COG4948,1.0,0.003924232418590315
COG0033,1.0,0.003924230937689272
NOG217715,1.0,0.003924225927650672
COG0014,1.0,0.003924223082675589
COG1119,1.0,0.003924223082675589
NOG140871,1.0,0.003924216816652186
NOG71191,1.0,0.003924214855355309
COG0085,1.0,0.003924210271209758
COG1218,1.0,0.0039242087323182835
COG2027,1.0,0.003924208523826331
COG2604,1.0,0.0039242079034958605
COG0342,1.0,0.0039242079034958605
COG1516,1.0,0.0039242079034958605
NOG65225,1.0,0.0039242032805835055
COG4580,1.0,0.003924202087923307
COG0434,1.0,0.003924201196779721
COG3384,1.0,0.003924198491504488
COG0179,1.0,0.003924198491504488
COG1298,1.0,0.003924193698631402
COG0818,1.0,0.003924193525379497
COG4394,1.0,0.0039241905940655625
NOG57895,1.0,0.00392419040787515
NOG217288,1.0,0.00392418885400087
COG2937,1.0,0.003924187589868566
COG1946,1.0,0.003924185158070165
NOG40094,1.0,0.003924183927175503
COG2095,1.0,0.003924182983288788
COG3838,1.0,0.003924181129728588
COG3151,1.0,0.003924179888756999
NOG24325,1.0,0.00392417918679124
NOG177920,1.0,0.003924178491926996
COG0089,1.0,0.003924173590173036
NOG132870,1.0,0.003924170367647373
NOG104981,1.0,0.003924169969945514
NOG49978,1.0,0.003924168919400847
COG3623,1.0,0.003924168058683559
NOG08346,1.0,0.003924168058683559
NOG05343,1.0,0.003924168058683559
COG1815,1.0,0.003924166485690243
COG1703,1.0,0.003924166134145748
NOG93314,1.0,0.003924165423321496
NOG180728,1.0,0.003924164106388217
NOG43359,1.0,0.003924163636798749
COG0651,1.0,0.003924161055783728
COG0126,1.0,0.003924160863200625
COG0191,1.0,0.003924160863200625
COG0104,1.0,0.003924157099430601
NOG02129,1.0,0.003924155923429491
NOG100578,1.0,0.003924155340912987
NOG19349,1.0,0.0039241552674105906
NOG29019,1.0,0.003924155202410524
COG4786,1.0,0.003924153517146731
COG2177,1.0,0.003924152922804345
COG0115,1.0,0.003924152677359638
COG1663,1.0,0.003924152217972015
NOG11245,1.0,0.003924152085425457
NOG50081,1.0,0.003924148642827595
COG1897,1.0,0.003924146979971553
COG4630,1.0,0.003924143341844784
COG5444,1.0,0.003924142549711235
COG4114,1.0,0.003924141971476318
NOG61804,1.0,0.003924141040958053
NOG214911,1.0,0.0039241400647617485
COG0831,1.0,0.003924139971810868
COG1305,1.0,0.0039241399066728445
NOG07463,1.0,0.003924138985103508
NOG18246,1.0,0.003924138318112015
COG1944,1.0,0.003924137174825459
COG1077,1.0,0.0039241370499157
COG0802,1.0,0.003924137009690345
COG1012,1.0,0.003924136492048362
COG1886,1.0,0.003924135275006476
COG1868,1.0,0.003924135275006476
COG1338,1.0,0.003924135275006476
COG0333,1.0,0.003924135062452897
NOG60485,1.0,0.003924134999154092
NOG118423,1.0,0.0039241347584138405
COG4239,1.0,0.003924133533255407
COG3067,1.0,0.003924132365467573
NOG01353,1.0,0.003924131953059367
COG1553,1.0,0.003924131556573296
COG0206,1.0,0.003924131402820485
COG0173,1.0,0.003924131005824392
NOG10722,1.0,0.003924130821101859
COG1554,1.0,0.00392413046075423
COG0593,1.0,0.003924130302176193
COG1195,1.0,0.003924130302176193
NOG63995,1.0,0.00392412964542204
COG0710,1.0,0.003924129551736206
NOG05154,1.0,0.003924129551736206
NOG05647,1.0,0.00392412870641345
NOG41075,1.0,0.003924128022872689
COG4258,1.0,0.003924127994549494
COG4582,1.0,0.003924127795496779
COG3024,1.0,0.003924127795496779
COG3089,1.0,0.003924126908704965
COG0234,1.0,0.003924126568336966
NOG92527,1.0,0.003924126419709426
NOG16353,1.0,0.003924125963785955
NOG137102,1.0,0.003924124503696936
COG0016,1.0,0.003924123777562508
COG1584,1.0,0.00392412263413446
COG2259,1.0,0.003924122186153855
NOG32523,1.0,0.00392412217093386
NOG37438,1.0,0.0039241213207113716
NOG66943,1.0,0.003924120685818718
COG4181,1.0,0.00392412032306773
NOG114172,1.0,0.0039241198293841605
COG5585,1.0,0.003924119694957597
NOG101724,1.0,0.003924119422072362
COG5519,1.0,0.003924118830062544
COG0828,1.0,0.003924118827980851
COG2852,1.0,0.00392411860156325
COG3001,1.0,0.003924117391067912
NOG74929,1.0,0.003924115143357046
NOG212096,1.0,0.003924114908513878
NOG30620,1.0,0.003924114167938629
COG4925,1.0,0.00392411328985098
NOG155264,1.0,0.003924112979352575
COG3110,1.0,0.003924112902162632
COG1574,1.0,0.003924111766435943
COG0259,1.0,0.003924111635558891
COG0788,1.0,0.003924111635558891
NOG02302,1.0,0.003924111286189351
COG1359,1.0,0.003924110831166552
NOG87632,1.0,0.003924110758154444
COG3311,1.0,0.003924108232827329
NOG120250,1.0,0.00392410790998422
NOG175264,1.0,0.00392410790998422
NOG222978,1.0,0.00392410790998422
NOG12553,1.0,0.003924107638378765
NOG110569,1.0,0.003924107084290417
NOG04325,1.0,0.003924106662648398
COG2120,1.0,0.003924106368749578
COG2060,1.0,0.003924106147088393
COG2156,1.0,0.003924106147088393
NOG65621,1.0,0.003924106104631319
NOG129980,1.0,0.003924105933967659
NOG02184,1.0,0.003924105077477793
NOG48219,1.0,0.003924104622017043
COG1520,1.0,0.0039241042372398565
COG3118,1.0,0.003924103988316029
COG1090,1.0,0.003924103917306485
COG0118,1.0,0.00392410389108433
NOG198134,1.0,0.003924103624209567
NOG82326,1.0,0.003924103592325329
NOG89726,1.0,0.003924103460069268
COG3701,1.0,0.003924103429161254
NOG227131,1.0,0.003924102802291639
COG2142,1.0,0.003924102688001823
NOG06329,1.0,0.003924102205645001
COG3074,1.0,0.003924102149984572
COG1898,1.0,0.003924102096007655
COG3054,1.0,0.003924101121625155
NOG21276,1.0,0.003924100824784332
NOG36462,1.0,0.003924100676971291
COG1085,1.0,0.003924100623866776
COG0153,1.0,0.003924100623866776
NOG57969,1.0,0.0039241004752133875
NOG15669,1.0,0.00392410025895647
COG2127,1.0,0.0039241000381357565
COG0360,1.0,0.003924099704511778
COG0359,1.0,0.003924099704511778
COG0238,1.0,0.003924099704511778
COG3381,1.0,0.003924099678014429
COG5316,1.0,0.00392409890524302
COG1575,1.0,0.003924098695977349
NOG98880,1.0,0.003924098123388113
NOG75921,1.0,0.0039240980198031825
COG1536,1.0,0.0039240976786279885
COG1677,1.0,0.0039240976786279885
COG1766,1.0,0.0039240976786279885
NOG31738,1.0,0.003924097456982053
NOG110879,1.0,0.003924097423573188
NOG220848,1.0,0.003924097227391729
NOG33112,1.0,0.003924097021995702
COG5464,1.0,0.0039240967243915495
COG0220,1.0,0.003924096578222137
COG0025,1.0,0.00392409627853449
COG1385,1.0,0.003924096043621355
COG1525,1.0,0.003924096022241276
NOG46470,1.0,0.003924095892186463
COG2967,1.0,0.003924095873630492
NOG01651,1.0,0.003924095848151498
COG3117,1.0,0.003924095664114258
NOG101586,1.0,0.003924095473181362
NOG21743,1.0,0.003924095439089261
NOG02574,1.0,0.003924095332606663
NOG88240,1.0,0.003924095322869823
NOG30300,1.0,0.003924095205747358
NOG00924,1.0,0.003924095097341158
NOG76557,1.0,0.003924094779403923
COG2901,1.0,0.0039240946970182065
COG1894,1.0,0.003924094468725924
COG1291,1.0,0.00392409442777249
NOG228549,1.0,0.00392409424597621
NOG121691,1.0,0.003924094241052226
COG2404,1.0,0.003924094106324168
COG0299,1.0,0.003924094006826787
COG4683,1.0,0.0039240934646236
COG3149,1.0,0.003924093412144334
NOG65486,1.0,0.003924093384869329
COG0324,1.0,0.003924093165009573
NOG101662,1.0,0.003924093031379826
NOG84731,1.0,0.003924092975926614
NOG102716,1.0,0.003924092921750706
COG1435,1.0,0.00392409290007371
NOG119565,1.0,0.003924092743467797
NOG191628,1.0,0.003924092730815772
NOG104771,1.0,0.0039240926952813626
COG1009,1.0,0.003924092222786272
COG3021,1.0,0.003924092122052483
COG3012,1.0,0.003924092036739641
NOG111391,1.0,0.00392409198714883
COG4913,1.0,0.0039240918528400835
NOG04034,1.0,0.0039240918528400835
NOG67707,1.0,0.003924091651019914
COG1770,1.0,0.0039240916402358775
NOG69314,1.0,0.003924091554069666
NOG37245,1.0,0.003924091544882282
NOG201818,1.0,0.003924091501391612
NOG142000,1.0,0.0039240914606126776
COG0382,1.0,0.003924091347977594
NOG17462,1.0,0.003924091308864641
NOG105721,1.0,0.003924091118063468
COG1091,1.0,0.003924091055242232
NOG182149,1.0,0.0039240910032429304
COG2198,1.0,0.003924090890224143
COG0705,1.0,0.0039240908115583725
NOG51548,1.0,0.003924090784566903
COG1854,1.0,0.00392409077169863
NOG124122,1.0,0.003924090737736924
NOG66090,1.0,0.003924090688117235
COG1825,1.0,0.003924090573538981
NOG81005,1.0,0.0039240905437224
COG0416,1.0,0.00392409044570521
NOG09717,1.0,0.0039240904397238085
NOG125693,1.0,0.003924090431200267
NOG71343,1.0,0.003924090421846198
COG0186,1.0,0.003924090376915678
COG0197,1.0,0.003924090376915678
COG2884,1.0,0.003924090282326063
COG1811,1.0,0.003924090226820898
COG3622,1.0,0.003924090152605495
COG1585,1.0,0.003924089973939712
NOG31130,1.0,0.003924089942874988
COG2976,1.0,0.003924089901968491
COG3238,1.0,0.003924089635147391
NOG81117,1.0,0.003924089623167699
COG0699,1.0,0.003924089596047786
COG0364,1.0,0.003924089506873387
COG3007,1.0,0.003924089501610556
NOG66224,1.0,0.003924089485962193
NOG01133,1.0,0.003924089414864092
NOG07262,1.0,0.003924089398075661
NOG28581,1.0,0.003924089305664173
NOG65487,1.0,0.003924089154298199
NOG131137,1.0,0.0039240891251918235
COG1104,1.0,0.003924089070296217
COG1086,1.0,0.003924089030105
COG1952,1.0,0.003924088987839833
COG0676,1.0,0.0039240889647499284
COG0812,1.0,0.0039240889421596585
COG0766,1.0,0.0039240889421596585
NOG51258,1.0,0.003924088903626536
COG1620,1.0,0.003924088878291944
COG3924,1.0,0.003924088837754597
COG1589,1.0,0.00392408882013427
COG2257,1.0,0.0039240888147341006
COG3775,1.0,0.003924088777433979
NOG03419,1.0,0.003924088760831692
COG0735,1.0,0.003924088579777268
COG3685,1.0,0.003924088553657841
COG0444,1.0,0.003924088552090371
NOG67588,1.0,0.003924088480808694
COG4753,1.0,0.003924088465879983
COG1178,1.0,0.003924088435497991
NOG190987,1.0,0.003924088428735806
COG4764,1.0,0.0039240883561083625
COG3523,1.0,0.00392408828862774
COG3747,1.0,0.003924088282255747
NOG38849,1.0,0.003924088278473652
NOG44820,1.0,0.003924088241122099
NOG214074,1.0,0.003924088224095342
COG1613,1.0,0.003924088217020647
COG0702,1.0,0.003924088169143169
COG0298,1.0,0.003924088125264152
NOG16580,1.0,0.003924088120394808
NOG67385,1.0,0.00392408809528556
NOG19907,1.0,0.003924088062374748
COG0061,1.0,0.003924087986303048
COG0708,1.0,0.003924087968571845
COG2082,1.0,0.003924087950107626
NOG37863,1.0,0.00392408790357657
NOG105949,1.0,0.003924087738327526
NOG22979,1.0,0.003924087654476519
NOG114263,1.0,0.0039240876306594
COG0821,1.0,0.0039240875943428585
COG0124,1.0,0.0039240875943428585
COG2873,1.0,0.003924087584892662
COG0150,1.0,0.0039240875588042725
NOG69308,1.0,0.0039240874633226916
NOG12967,1.0,0.003924087458130473
COG2923,1.0,0.003924087338114424
COG3829,1.0,0.003924087316478349
COG0843,1.0,0.003924087253958025
NOG83363,1.0,0.003924087244835683
NOG75287,1.0,0.00392408724273351
NOG17363,1.0,0.003924087236589054
NOG164584,1.0,0.003924087229290874
NOG36059,1.0,0.003924087214126177
COG3657,1.0,0.003924087190638079
NOG91603,1.0,0.00392408717588907
NOG99698,1.0,0.003924087175259733
NOG50347,1.0,0.003924087139763056
COG0266,1.0,0.003924087055707627
COG0129,1.0,0.003924087000266003
NOG42389,1.0,0.003924086974537922
COG1190,1.0,0.0039240869596601485
NOG00011,1.0,0.003924086947187789
NOG63609,1.0,0.0039240869163724885
NOG64363,1.0,0.003924086839371305
NOG73871,1.0,0.003924086817992351
COG1015,1.0,0.003924086810389462
NOG102668,1.0,0.003924086792154882
NOG63441,1.0,0.003924086766112955
NOG105182,1.0,0.003924086751796563
COG0575,1.0,0.003924086746647247
COG0743,1.0,0.003924086746647247
NOG106268,1.0,0.003924086729622204
COG2358,1.0,0.003924086722417861
NOG02765,1.0,0.003924086714414559
COG1506,1.0,0.003924086691699119
NOG78891,1.0,0.003924086689759512
NOG04210,1.0,0.003924086686189236
COG2105,1.0,0.003924086665665953
NOG56586,1.0,0.003924086660386667
COG3098,1.0,0.003924086654089274
NOG79052,1.0,0.003924086645415692
COG3307,1.0,0.003924086637386308
NOG59341,1.0,0.003924086625464866
NOG30360,1.0,0.0039240865865869815
COG1207,1.0,0.003924086586281261
NOG65174,1.0,0.003924086557113776
NOG34552,1.0,0.003924086553335659
COG0605,1.0,0.003924086546066224
NOG06623,1.0,0.003924086541126135
COG1401,1.0,0.0039240865273939265
NOG222683,1.0,0.003924086524873776
COG2084,1.0,0.003924086524649107
COG2373,1.0,0.003924086518734996
COG5492,1.0,0.003924086500598325
COG3783,1.0,0.003924086498859982
NOG20419,1.0,0.003924086476548909
NOG26969,1.0,0.003924086441888256
NOG57860,1.0,0.003924086430242376
COG2879,1.0,0.003924086406818019
NOG10051,1.0,0.003924086405197295
COG2862,1.0,0.0039240863955965965
NOG03355,1.0,0.003924086392908784
NOG213685,1.0,0.003924086372555814
NOG42019,1.0,0.0039240863568540995
COG1426,1.0,0.0039240863463948245
COG0669,1.0,0.003924086342572001
COG0562,1.0,0.0039240863266899375
COG0502,1.0,0.003924086325292955
COG5404,1.0,0.003924086314837019
COG0175,1.0,0.003924086310483259
COG2895,1.0,0.003924086310483259
COG0103,1.0,0.003924086307821636
COG0588,1.0,0.003924086305470028
NOG69496,1.0,0.003924086261843735
COG2133,1.0,0.0039240862600155805
NOG214158,1.0,0.00392408625070798
NOG51153,1.0,0.003924086250039811
COG2240,1.0,0.0039240862408404555
NOG04650,1.0,0.003924086240517927
COG2843,1.0,0.003924086233542848
NOG63470,1.0,0.003924086233181875
COG4067,1.0,0.003924086232733238
COG3412,1.0,0.003924086227600823
COG3091,1.0,0.003924086225959874
COG3961,1.0,0.003924086221986912
NOG212059,1.0,0.003924086219048962
COG2363,1.0,0.003924086212508706
COG2933,1.0,0.003924086212508706
COG0601,1.0,0.003924086211670464
COG3832,1.0,0.003924086211631093
COG3546,1.0,0.0039240862093480235
NOG226192,1.0,0.003924086205405055
NOG05034,1.0,0.0039240862040574665
COG5532,1.0,0.0039240861988978065
NOG77676,1.0,0.003924086182284209
NOG70360,1.0,0.00392408617965021
NOG216630,1.0,0.003924086178420515
COG0521,1.0,0.003924086176780216
COG3645,1.0,0.003924086174195005
COG0201,1.0,0.003924086173792923
COG0096,1.0,0.003924086173792923
COG1841,1.0,0.003924086173792923
COG0098,1.0,0.003924086173792923
COG0093,1.0,0.003924086173792923
COG0094,1.0,0.003924086173792923
COG0097,1.0,0.003924086173792923
NOG214182,1.0,0.003924086172633203
NOG213128,1.0,0.003924086163129032
COG0306,1.0,0.00392408616302788
COG0149,1.0,0.003924086161401245
NOG36991,1.0,0.0039240861516780775
COG3018,1.0,0.0039240861246217
NOG166271,1.0,0.003924086123366836
NOG102251,1.0,0.0039240861202017585
NOG50534,1.0,0.0039240861155560875
COG0294,1.0,0.003924086114665313
COG2920,1.0,0.003924086114477692
NOG09317,1.0,0.003924086113619416
COG5517,1.0,0.003924086111015437
NOG00519,1.0,0.003924086108420789
COG3954,1.0,0.003924086107958709
NOG14003,1.0,0.003924086106874173
NOG06635,1.0,0.003924086105911826
COG3025,1.0,0.003924086099732989
NOG217853,1.0,0.00392408609894442
COG0805,1.0,0.003924086097843192
COG5463,1.0,0.003924086097193584
COG2609,1.0,0.003924086092909066
COG0508,1.0,0.003924086092909066
NOG51169,1.0,0.003924086092607701
COG4936,1.0,0.003924086090173573
COG0667,1.0,0.0039240860875961545
NOG41914,1.0,0.0039240860875961545
NOG52753,1.0,0.003924086084812202
NOG43527,1.0,0.003924086082595995
NOG16429,1.0,0.003924086077404951
COG3248,1.0,0.0039240860767542724
NOG84257,1.0,0.003924086071818756
NOG71539,1.0,0.003924086070378342
COG1957,1.0,0.003924086069371505
NOG55668,1.0,0.0039240860640577715
COG2964,1.0,0.003924086063791419
NOG40601,1.0,0.0039240860620729035
COG3325,1.0,0.003924086060600488
NOG85782,1.0,0.0039240860575610265
COG1116,1.0,0.003924086056986205
COG0585,1.0,0.0039240860554406376
COG2518,1.0,0.0039240860554406376
COG1133,1.0,0.003924086054656493
COG1154,1.0,0.003924086054513448
COG2969,1.0,0.00392408604945897
NOG51807,1.0,0.003924086046408535
NOG69998,1.0,0.0039240860453333875
COG5579,1.0,0.003924086044558777
NOG44970,1.0,0.00392408604423769
COG1495,1.0,0.003924086043822902
NOG55929,1.0,0.003924086042349362
NOG06265,1.0,0.003924086041939133
NOG172697,1.0,0.003924086041224258
NOG86512,1.0,0.003924086040259115
COG4773,1.0,0.0039240860391547335
COG3040,1.0,0.003924086038651036
COG0308,1.0,0.003924086038643818
COG0815,1.0,0.0039240860380711185
COG2882,1.0,0.003924086037516999
COG0599,1.0,0.0039240860373889
COG4930,1.0,0.003924086037315559
NOG01731,1.0,0.003924086037315559
NOG43408,1.0,0.003924086037315559
NOG118215,1.0,0.0039240860367594915
COG2382,1.0,0.003924086036429612
COG1032,1.0,0.003924086036217334
COG2870,1.0,0.00392408603619013
COG1529,1.0,0.003924086036030696
NOG133834,1.0,0.003924086035948129
NOG135622,1.0,0.003924086035948129
COG0001,1.0,0.003924086035935815
COG0158,1.0,0.003924086035862238
COG3696,1.0,0.003924086035609471
COG0853,1.0,0.003924086035421418
COG1064,1.0,0.003924086034991015
COG0641,1.0,0.0039240860348089355
NOG44461,1.0,0.003924086034557881
COG4264,1.0,0.003924086034433383
COG3486,1.0,0.003924086034433383
NOG04835,1.0,0.003924086034372545
COG0152,1.0,0.003924086034357814
NOG10757,1.0,0.003924086034240344
NOG10229,1.0,0.003924086034237909
COG3279,1.0,0.003924086034065071
COG0837,1.0,0.003924086034065071
NOG39427,1.0,0.003924086034057138
NOG02186,1.0,0.003924086034013517
COG1440,1.0,0.003924086033943799
COG3529,1.0,0.0039240860339340876
COG3092,1.0,0.003924086033912192
COG1228,1.0,0.003924086033907587
COG4302,1.0,0.0039240860338934395
COG3385,1.0,0.003911250520977361
NOG24112,2.0,0.003911057097945334
COG0352,2.0,0.003745548890727513
COG3069,2.0,0.003647188735804351
COG1804,2.0,0.0036070826860910184
COG0119,4.0,0.0035999251026079386
COG3544,2.0,0.0035844775860381243
COG0078,2.0,0.0035827997577207336
NOG02953,2.0,0.003574047058544175
COG2256,2.0,0.003554092501802566
COG0319,2.0,0.0035458629739347244
COG1576,2.0,0.0035437403589404426
NOG84471,2.0,0.003542811284844816
COG0514,2.0,0.0035353138277026746
NOG09088,2.0,0.003534376833442694
NOG34676,2.0,0.0035306047580369662
COG3507,2.0,0.0035300580990166052
NOG35841,2.0,0.0035295565617628655
COG0758,2.0,0.003529538912115765
NOG70950,2.0,0.003529470107792255
COG1959,2.0,0.0035292665533630968
COG0411,2.0,0.0035289990436718783
COG1008,2.0,0.0035283194992817824
NOG213178,2.0,0.003528266380045915
COG2079,2.0,0.0035281742972570287
COG1472,2.0,0.0035281698141627505
COG0195,2.0,0.0035280842613870395
COG4656,2.0,0.003528069682388533
COG4660,1.0,0.0035280696784440405
NOG00480,2.0,0.0035280067297187383
COG0576,2.0,0.003527979586995012
NOG05341,2.0,0.003527952996127384
COG4785,2.0,0.003527951605027656
COG3636,2.0,0.0035279473070935195
NOG00479,2.0,0.003527915769387315
COG0155,2.0,0.003527911284035705
COG0355,2.0,0.0035279013159325084
NOG54404,2.0,0.003527883930504346
COG1172,2.0,0.003527880110590251
COG2974,1.0,0.0035278679710752155
COG0833,2.0,0.003527866425039923
NOG07468,1.0,0.0035278641266714944
COG3034,2.0,0.00352785612130005
NOG50387,2.0,0.003527853133562103
COG1295,2.0,0.00352785226050192
COG3633,2.0,0.003527850841937462
NOG94366,2.0,0.003527849567681525
NOG48501,2.0,0.0035278481662528167
COG1447,1.0,0.0035278480128709297
NOG142115,1.0,0.003527844323841734
COG4214,2.0,0.00352784322380959
COG1143,2.0,0.0035278430930449824
COG4584,3.0,0.0035278426680231405
COG1238,2.0,0.003527842478050208
COG0712,2.0,0.003527842336352955
COG1173,2.0,0.0035278423009652035
COG0614,2.0,0.003527842033397358
COG1272,2.0,0.003527842012454076
COG3716,2.0,0.0035278419989737647
COG0389,2.0,0.003520570233871227
COG0053,1.0,0.0035196514752952263
COG0468,2.0,0.003519250891980308
COG0178,2.0,0.0035165933643522725
COG0756,2.0,0.0035163922374499626
COG0425,2.0,0.0035163781620887245
COG1124,2.0,0.0035162753218743663
NOG10062,2.0,0.0035162511767751073
COG3086,2.0,0.0035162478849393233
NOG218367,2.0,0.0035162303014049543
NOG00621,2.0,0.0035161917397329226
COG1181,2.0,0.0035161774563836987
NOG212700,2.0,0.0035161613864809335
COG2978,2.0,0.0035161471791027646
COG2334,2.0,0.0035161386692974185
COG2166,2.0,0.003516129169312875
NOG220697,2.0,0.0035161284498231604
COG3770,2.0,0.0035161260769290496
COG2804,2.0,0.00351612585399736
COG1652,2.0,0.0035161253568211696
COG0372,2.0,0.0035161249824292307
COG4268,2.0,0.0035161248070156624
COG0793,2.0,0.003516124524192346
COG1082,1.0,0.003516124269983862
COG0825,2.0,0.0035161238918086893
NOG228421,2.0,0.0035161238892230107
COG4626,2.0,0.0035161238725635374
NOG54804,2.0,0.0035161238723577467
COG1816,2.0,0.0035108204302888545
NOG13147,1.0,0.0035082690652243525
COG0274,2.0,0.0035074296042934597
COG1452,2.0,0.0035056248690084895
NOG222678,2.0,0.003505453445692236
COG4735,2.0,0.003504891847515054
NOG17787,2.0,0.003504854976851374
NOG54183,2.0,0.00350479117768822
COG1164,2.0,0.0035047605887867242
COG4132,2.0,0.0035045810521689836
COG1381,2.0,0.0035045788865139473
NOG14848,2.0,0.0035045244571029546
COG0005,2.0,0.0035045127702052576
COG4943,2.0,0.0035045122040772494
COG5001,2.0,0.003504496242752895
COG4973,2.0,0.0035044933705921607
COG1580,1.0,0.0035044886013223535
COG1175,2.0,0.0035044732787497287
COG0107,2.0,0.0035044604907551137
NOG42346,2.0,0.003504459217236299
COG0172,2.0,0.0035044573085181783
COG0704,2.0,0.003504451100609147
NOG05466,2.0,0.0035044490143305808
NOG19135,2.0,0.0035044485788161624
COG0458,2.0,0.003504448487089754
COG0730,2.0,0.0035044476312905233
COG0210,2.0,0.0035044462496721974
COG3604,2.0,0.0035044457384031135
COG3263,2.0,0.0035044454158767446
COG0219,2.0,0.0035044451072308784
NOG70603,2.0,0.0035044447255184142
COG0647,2.0,0.0035044446689404666
COG4174,2.0,0.0035044445830645535
COG0594,2.0,0.003493427197103092
COG4644,2.0,0.003492807725458258
NOG42128,2.0,0.003492803870637104
COG0495,2.0,0.0034874315512722766
NOG156922,2.0,0.0034130707100566314
COG2195,3.0,0.0033934130935236863
NOG90662,2.0,0.0033900143884731206
COG3772,5.0,0.0033785060507264797
COG1715,2.0,0.0033685580169767163
COG2089,2.0,0.0033574320112056424
COG4775,2.0,0.0033451006412240592
COG2132,2.0,0.0033353202356181133
COG0151,2.0,0.003331019893359356
COG1235,2.0,0.0033012492592935185
COG0079,1.0,0.0032034055030730458
COG0778,2.0,0.003192772209804332
COG0789,3.0,0.0031763034029498815
COG1475,2.0,0.003173949471879749
COG2893,1.0,0.0031732462683204173
COG0139,2.0,0.0031715355966639
COG0106,2.0,0.0031715355966639
COG0554,3.0,0.0031612162164450265
COG1211,3.0,0.0031609440890403473
COG3533,3.0,0.0031609440817641564
NOG02992,3.0,0.0031523792193039815
COG1896,3.0,0.003151286475130425
COG0318,2.0,0.0031509158699287655
COG1968,3.0,0.003150606921977999
COG0771,3.0,0.003150485148030965
NOG90084,3.0,0.0031504693026965435
COG0795,2.0,0.003150449848939628
COG0036,3.0,0.003150442806349624
COG2017,3.0,0.0031504426039398164
COG0626,1.0,0.0031400276105294223
COG1177,3.0,0.0031399743454690655
NOG216308,3.0,0.0031299652912610927
COG1593,3.0,0.003129693405540204
COG1722,3.0,0.00312057159954177
COG0363,2.0,0.0031191500523995797
COG0717,1.0,0.003098538273775368
COG0563,2.0,0.003082194433382877
NOG07693,2.0,0.0030790421831761623
COG0290,2.0,0.0030596782257155735
COG4658,2.0,0.0030175334838392263
NOG53805,3.0,0.0029971344039752003
COG0695,2.0,0.0029428254655348776
NOG115399,3.0,0.0029006318927641134
COG0796,2.0,0.002898887563523053
COG0157,2.0,0.0028824574442561372
NOG66567,4.0,0.0028656271057745874
NOG00681,2.0,0.002860634117202389
COG0540,2.0,0.002860564949355128
NOG63298,3.0,0.002842724940439809
COG2067,3.0,0.002841608148673225
COG0679,3.0,0.0028331007633406956
COG1277,4.0,0.0028320970264018802
COG1651,3.0,0.002832095460504811
COG1063,2.0,0.0028226835738552163
COG0674,2.0,0.0028226818231047875
COG1013,2.0,0.0028226818231047875
COG1014,2.0,0.0028226818231047875
COG3121,3.0,0.0028155199680646656
COG0807,2.0,0.0028134423797785807
COG0553,4.0,0.0027946312053896824
COG1929,2.0,0.002776279434846047
COG0762,2.0,0.0027760869762536136
COG1686,4.0,0.0027486296889171077
COG5377,2.0,0.002743073712139581
COG1132,5.0,0.0027371523492306484
COG4382,2.0,0.0027031063820799946
COG1414,2.0,0.0027026740796028932
COG1191,2.0,0.002686850172697008
COG1052,4.0,0.00268523057057329
COG1934,2.0,0.002685215115098713
COG3615,2.0,0.002667353794677755
NOG01338,2.0,0.002653146782533631
NOG44077,2.0,0.002629108388846244
COG1203,2.0,0.0026227895047744405
COG1301,3.0,0.0025777366542254323
COG0439,2.0,0.0025700254956222152
COG2161,3.0,0.0025629737281316956
COG3015,2.0,0.002554836315536717
NOG227954,4.0,0.0025543287296400144
COG1208,2.0,0.0025390575310247432
COG0159,2.0,0.0025208767611778625
COG0362,5.0,0.0025206685955833016
COG0551,4.0,0.0025205273644030484
COG0560,3.0,0.0025127237032192967
NOG19788,3.0,0.002512342820530999
COG2983,3.0,0.0025121547749223914
COG1408,3.0,0.00250380638381354
COG1796,1.0,0.002463640599028201
NOG93334,2.0,0.002423088441103445
COG4635,3.0,0.002421789843165484
COG0431,3.0,0.0024217740023896863
NOG50936,4.0,0.0024139135161918884
NOG26028,3.0,0.0024138502426995913
COG0289,2.0,0.0024137341147856275
COG0725,2.0,0.0023738862191091652
COG1918,2.0,0.0023738536559368604
COG0292,2.0,0.002365915862593257
COG0297,2.0,0.002360478003094919
COG0216,2.0,0.0023502971445623112
NOG175163,3.0,0.002342900797212681
COG2200,2.0,0.0023195181844935207
COG0205,2.0,0.0022961396854490486
COG0498,2.0,0.0022961260097062904
COG0198,2.0,0.002296080398803258
COG1126,2.0,0.002294236191974912
COG2826,2.0,0.0022884449266439015
COG1970,2.0,0.002279246074025758
NOG72244,4.0,0.0022734275795743566
NOG35576,3.0,0.002269736266830625
COG3943,2.0,0.002243156906899178
COG3637,4.0,0.0022357003465422825
NOG20032,2.0,0.002218111246670497
COG2918,2.0,0.002164472594027428
NOG212290,2.0,0.0021631625761992035
COG0102,2.0,0.0021552512043013666
COG2194,3.0,0.0021482081488248066
COG1087,3.0,0.00209167676107214
NOG74995,2.0,0.0020857123774659487
COG0787,2.0,0.00203680577606852
COG0190,2.0,0.0020300281376569827
COG3842,4.0,0.002023036281531855
COG3445,2.0,0.0020163704091684513
COG1112,4.0,0.0020034767438934934
NOG60444,5.0,0.0020029859129920926
COG2148,4.0,0.0019900240766755747
COG1219,2.0,0.001989848924118549
COG3919,2.0,0.0019437446122646822
NOG50787,2.0,0.001921440008332305
NOG79488,2.0,0.0019197821886107165
COG0685,2.0,0.0019155627492500175
COG1881,2.0,0.0018978311725991734
COG1966,3.0,0.0018926075713907452
COG2356,4.0,0.0018737775610652536
NOG81594,3.0,0.0018588441941391424
COG0242,2.0,0.0018488419360132944
COG0491,3.0,0.0018447991310398847
COG0635,2.0,0.001824474302582506
COG3264,3.0,0.0018192367514382527
COG2831,2.0,0.0018138437467266238
NOG08267,2.0,0.001788472560681995
COG0388,4.0,0.0017858104204830692
COG0171,4.0,0.0017858104204830692
COG1971,3.0,0.0017851139705139815
COG2755,4.0,0.0017735925361988757
COG3736,2.0,0.0017571172479699092
COG0293,2.0,0.001754417964676243
COG0065,3.0,0.0017537687648351307
COG0066,3.0,0.0017475043463435742
COG2173,2.0,0.0017395487180284954
NOG15066,2.0,0.0017345183617049392
NOG41940,3.0,0.00172973947441102
COG0081,2.0,0.0017188615150805075
COG0542,2.0,0.001718246132622721
COG1004,2.0,0.0017125257812003602
COG2155,3.0,0.0017124768342471474
COG1595,3.0,0.0017015677110223024
COG5410,3.0,0.0016915330941086025
COG4227,2.0,0.001681354202201847
COG5266,2.0,0.0016803186754835108
NOG86971,4.0,0.0016762225694847122
COG3187,2.0,0.0016645288574856497
COG0263,2.0,0.0016619206708924045
NOG59878,2.0,0.0016601731669273721
COG1923,2.0,0.0016591894813098435
COG1376,2.0,0.0016510720433974943
COG5434,3.0,0.0016397759602572379
NOG27031,2.0,0.0016391875730005412
COG5474,2.0,0.0016357700983482167
COG2704,2.0,0.001617366838093663
COG1199,2.0,0.0016166176124676687
COG0472,1.0,0.0016081839655134789
COG3714,2.0,0.0016038891930935516
COG0492,2.0,0.0016006271552399289
COG5301,2.0,0.0015769094030552663
COG4166,4.0,0.0015760278673250232
NOG87035,2.0,0.0015760001235498645
COG1720,2.0,0.0015759777214936726
NOG84995,3.0,0.0015756715169310603
COG0176,2.0,0.0015725777373402673
COG0192,2.0,0.001572577584846862
NOG11923,2.0,0.001568701327063669
COG0799,2.0,0.0015668684396015298
COG0356,2.0,0.0015599492638244125
COG0137,2.0,0.0015580809897680814
COG1262,2.0,0.0015543891477650283
COG1134,2.0,0.0015540898761978858
COG2706,2.0,0.001553281123534353
COG0009,1.0,0.001552342181140786
COG0631,2.0,0.0015520008477949909
NOG111276,2.0,0.0015474082997668516
COG0031,2.0,0.0015469796567124203
NOG215916,2.0,0.0015464303710105304
COG1204,2.0,0.0015460338507284862
COG2890,2.0,0.0015456120962419636
COG1528,2.0,0.0015446723188890234
NOG30342,2.0,0.0015440746359026963
COG1734,2.0,0.0015435522463537583
NOG83160,2.0,0.0015434640377204984
COG1187,1.0,0.0015431938116118825
COG1739,2.0,0.00154246337036694
COG0202,1.0,0.0015421837223363543
COG4776,2.0,0.0015416984534653174
COG0587,2.0,0.0015415247450509336
COG0282,2.0,0.0015412659766663517
COG2217,2.0,0.001540516577703237
NOG03944,3.0,0.0015390170619955918
NOG22923,2.0,0.001538943633596615
COG0296,2.0,0.0015388588644875052
COG2853,2.0,0.0015385669259598569
NOG31830,2.0,0.0015384880491275483
COG0718,2.0,0.0015384298715830564
COG2844,2.0,0.0015382039579002937
COG3768,2.0,0.0015376320488126331
COG1236,2.0,0.0015369011810820623
NOG107127,2.0,0.001536529238183981
COG0534,2.0,0.001536363599732178
COG2896,2.0,0.0015361602724525223
COG0117,1.0,0.0015361043854526793
COG1985,1.0,0.0015361043854526793
NOG41554,2.0,0.001536052982959981
NOG94865,2.0,0.0015360517965062716
NOG113385,2.0,0.0015358113895056536
COG4643,1.0,0.001535762941128046
COG1213,2.0,0.0015354432059318387
COG0037,1.0,0.0015352494012726104
COG0681,2.0,0.0015352203064897
COG2319,1.0,0.001535207876339727
COG0317,1.0,0.0015350910228025478
NOG00069,1.0,0.0015350552779921482
COG0024,2.0,0.0015348645242864148
COG2917,2.0,0.0015348631008798813
COG0323,2.0,0.0015348602408308575
COG1220,2.0,0.0015348532183026408
COG1360,2.0,0.001534792818341779
COG2015,2.0,0.0015347917669189836
COG1215,2.0,0.0015347639603682968
COG0217,2.0,0.0015346857828550686
COG0341,2.0,0.0015346821857509223
COG1076,1.0,0.0015345795112387988
NOG79717,2.0,0.0015345513446373073
NOG01101,2.0,0.0015344904678384432
COG4213,1.0,0.0015344655772246156
COG0279,2.0,0.0015344572480022914
COG1558,2.0,0.001534446616206132
NOG18908,2.0,0.0015344436898352396
NOG02344,2.0,0.0015344217618413587
COG0751,2.0,0.001534388815491176
COG0459,2.0,0.0015343680366314907
COG3288,2.0,0.0015343598828301906
COG3754,1.0,0.0015343474664705546
COG3225,2.0,0.0015343399122026767
COG3833,1.0,0.0015343359081531538
COG0424,2.0,0.0015343348348774621
NOG12154,2.0,0.0015343309791795519
COG0512,2.0,0.001534329373088889
NOG70691,2.0,0.0015343156132229102
COG0544,2.0,0.001534309134882008
COG0164,2.0,0.0015343088182890646
COG4232,2.0,0.0015343083499976306
COG0062,1.0,0.0015342989787758153
COG0782,2.0,0.0015342672854264743
COG2110,2.0,0.0015342667234745932
COG3549,2.0,0.0015342450623012259
COG0452,2.0,0.0015342418905517818
NOG45360,2.0,0.0015342392285093553
COG0858,2.0,0.0015342335414891644
COG3941,1.0,0.0015342269337196028
NOG73746,2.0,0.001534225479728118
COG0193,2.0,0.0015342236390508714
NOG08146,2.0,0.0015342103624321928
COG4672,2.0,0.001534210250835817
COG0486,2.0,0.001534206321571507
COG0428,2.0,0.0015341968414923945
COG1884,1.0,0.0015341872088328276
COG2185,1.0,0.0015341872088328276
COG1212,2.0,0.001534186366915226
COG0148,2.0,0.0015341836904857432
COG4540,2.0,0.0015341784892372492
COG0251,2.0,0.001534163233245814
COG1902,1.0,0.0015341585359054323
COG0008,1.0,0.0015341579004251123
COG3023,2.0,0.0015341573500014631
COG1987,2.0,0.0015341550110356675
COG1292,2.0,0.0015341539781098304
COG1160,2.0,0.0015341530172030035
NOG01826,2.0,0.001534151620293366
COG0851,2.0,0.0015341493323406106
COG0325,2.0,0.0015341476534728629
COG0361,2.0,0.0015341446609707272
COG0632,1.0,0.0015341404028088679
NOG86034,2.0,0.0015341395762625831
COG4235,2.0,0.001534137337387592
COG0058,2.0,0.0015341364519894623
COG3498,2.0,0.0015341360841665767
COG3280,1.0,0.0015341358770447199
COG1989,2.0,0.0015341351180029115
NOG52273,2.0,0.001534134503605532
COG1820,2.0,0.0015341327506559173
COG4191,2.0,0.0015341307911707531
COG0357,2.0,0.001534130475166703
COG1785,2.0,0.0015341304163531677
COG2721,1.0,0.0015341302983499807
COG0272,2.0,0.001534129830516272
COG0529,2.0,0.0015341294057775133
COG2169,1.0,0.001534129339063385
COG0350,1.0,0.001534129339063385
NOG66633,2.0,0.0015341292046222536
NOG05720,2.0,0.0015341291249616168
COG1281,2.0,0.001534128756344107
COG4771,2.0,0.0015341285810767018
COG1905,2.0,0.0015341279300102235
NOG01689,2.0,0.0015341279034194854
NOG115342,2.0,0.0015341272583869621
COG5281,2.0,0.001534127010303635
COG2828,2.0,0.0015341268564705145
COG0165,2.0,0.0015341266738786966
COG3333,2.0,0.0015341264172779598
COG0421,2.0,0.0015341262153280826
COG1937,2.0,0.0015341259757313862
COG1660,2.0,0.0015341257662728088
NOG161617,2.0,0.0015341257257022207
COG1121,2.0,0.0015341257254400506
COG1249,2.0,0.0015341256976125234
COG3126,2.0,0.0015341255181854122
COG0761,2.0,0.0015341254872469352
COG0820,2.0,0.0015341254379976363
COG0374,1.0,0.0015341253410759298
COG4453,2.0,0.0015341251574072009
COG0518,1.0,0.00153412493486938
COG0519,1.0,0.00153412493486938
COG1845,2.0,0.0015341249135980052
COG3306,2.0,0.0015341249051311508
NOG00950,2.0,0.0015341248781434503
COG0816,2.0,0.0015341247668853493
COG0020,2.0,0.0015341247664416426
COG1522,2.0,0.0015341247461990114
COG2252,2.0,0.0015341247405773212
COG4238,2.0,0.001534124699079803
COG1802,2.0,0.0015341246700625994
COG0449,2.0,0.0015341245532556854
COG0239,2.0,0.0015341244840573066
COG0256,2.0,0.0015341244824080848
COG0200,2.0,0.0015341244824080848
COG0199,2.0,0.0015341244824080848
COG0694,1.0,0.0015341244319954685
COG0691,2.0,0.0015341244315646046
COG1142,1.0,0.0015341244296920176
COG0848,5.0,0.0014982649082050763
COG1757,3.0,0.0014789706806362486
COG0142,2.0,0.001467550292350596
COG0044,3.0,0.0014590883199272966
COG3177,3.0,0.0014490148213569386
COG1349,3.0,0.0014327358785651912
COG0657,7.0,0.0014073114683445505
COG0406,3.0,0.0014057410046679594
COG1523,3.0,0.001398819183123532
COG3560,3.0,0.0013939101040174975
COG4928,3.0,0.0013894848559678282
NOG215192,3.0,0.0013870208617123446
NOG12989,3.0,0.0013846205807263529
COG0775,3.0,0.0013841296167319
NOG56527,3.0,0.0013838973166523292
COG1210,3.0,0.0013835613626703713
NOG87120,2.0,0.0013825429247328906
COG0670,3.0,0.0013815955163330976
NOG08796,3.0,0.0013807876165681625
COG0531,2.0,0.0013807260035930931
COG3497,3.0,0.0013804454979643441
COG0696,3.0,0.0013803652047656959
COG0307,3.0,0.001379768135394751
COG1752,3.0,0.0013790308965975046
NOG48209,2.0,0.0013790090688437602
COG1708,2.0,0.001378982735502944
COG2265,2.0,0.0013789381099191813
COG0535,3.0,0.0013789170000261155
COG1296,3.0,0.0013788786297587242
COG0682,3.0,0.0013777157698492398
COG0365,3.0,0.0013775433542331731
COG0814,2.0,0.001376271129478693
NOG25335,3.0,0.0013761159417990758
NOG212479,3.0,0.00137571635948229
COG1053,3.0,0.0013750842095909767
COG3504,3.0,0.0013749071192716753
COG4974,3.0,0.0013745181785561455
COG0800,3.0,0.0013744236527921967
COG0566,3.0,0.0013744089265847763
COG3093,3.0,0.0013743965794673592
COG0322,3.0,0.001374359020696928
COG0255,3.0,0.001374346986262715
NOG02999,2.0,0.001374340299020193
COG3414,2.0,0.0013743327674331852
COG0720,3.0,0.001374332748987369
COG4385,3.0,0.0013743105326299502
NOG06242,3.0,0.0013743037078241262
COG5108,3.0,0.0013742976519765212
COG0622,3.0,0.001374296315683777
COG3639,2.0,0.0013742907127107962
COG0226,3.0,0.0013742888427825798
COG1368,3.0,0.0013742886124347695
COG2171,3.0,0.0013728969286302285
COG0465,3.0,0.0013708723281960053
COG1501,3.0,0.0013707193536605655
COG0312,2.0,0.0013698972801635448
COG0546,1.0,0.0013697662967102756
NOG97178,3.0,0.0013697322142326852
NOG15823,2.0,0.0013697209987333853
COG0423,2.0,0.0013697161393902383
COG3181,2.0,0.0013697156521413811
COG3201,3.0,0.0013697139717016634
NOG03567,4.0,0.0013606065795409986
COG1477,3.0,0.0013560836564820307
COG0503,3.0,0.0013517999602095806
NOG38254,3.0,0.0013162712925621426
COG4591,2.0,0.0013161384471329382
COG0764,2.0,0.0012986429875417465
COG2220,5.0,0.0012929342448354012
NOG33855,9.0,0.0012781169613076066
COG1404,2.0,0.0012648703737308006
NOG67161,3.0,0.001264380525816466
COG0511,5.0,0.0012559287783720581
COG0346,4.0,0.001245902681915185
COG0741,2.0,0.0012448800645459088
COG0780,2.0,0.0012393294384007681
COG2904,2.0,0.0012393294384007681
COG0392,1.0,0.0012393270254255943
COG2898,1.0,0.0012393270254255943
COG4096,1.0,0.0012393235405200461
NOG10771,2.0,0.0012393231103890107
NOG18340,4.0,0.0012355609436967537
COG0592,4.0,0.0012352192471604732
COG0513,2.0,0.0012352038312998268
NOG00246,4.0,0.0012312365603636768
COG3926,3.0,0.0012311711685255463
COG0194,4.0,0.0012311351941552745
COG0609,3.0,0.0012311174016076537
COG0072,2.0,0.0012311086158394873
COG0859,2.0,0.0012310857315535064
COG0366,4.0,0.0012275805300395268
COG3344,6.0,0.0012262838662206563
NOG164440,3.0,0.001222903833542929
COG3886,2.0,0.001198813516006099
COG4760,3.0,0.0011866142867480803
COG0169,3.0,0.0011571841734720817
NOG106700,3.0,0.0011519228843058643
NOG122309,3.0,0.0011516909844631897
NOG65179,4.0,0.0011487778412489094
NOG02227,4.0,0.0011368854637533927
COG4115,3.0,0.0011264440294088505
COG1781,3.0,0.0011176132789039563
COG0558,4.0,0.0011162480821518023
COG1018,2.0,0.0011144497704420253
COG3440,4.0,0.0011102219197011418
COG3444,3.0,0.0011101847348360312
COG0673,5.0,0.0011101740980192481
COG2234,4.0,0.0011081394992763082
NOG00108,3.0,0.0011068839391250073
COG0603,3.0,0.00110650822818724
COG0073,3.0,0.0011064923881624915
COG0577,1.0,0.0010939122629821647
COG0642,3.0,0.0010845513657568343
COG1979,3.0,0.0010809385114175357
COG2805,3.0,0.0010773927187352165
COG0822,2.0,0.001075604576076777
NOG68874,2.0,0.0010665841972002058
COG2244,4.0,0.0010659999804066502
COG0501,3.0,0.0010119466385515145
COG0675,6.0,0.0010115132558428481
COG1396,5.0,0.0010113879238092028
COG3335,4.0,0.0010111857600659754
COG0581,3.0,0.0010078162118150901
NOG36154,3.0,0.0009926434166554461
COG0385,3.0,0.0009907511253328678
NOG50618,3.0,0.0009749527029439148
COG1387,2.0,0.0009623212916858268
COG0846,4.0,0.0009586455709911932
COG2197,3.0,0.0009492779209933831
NOG211918,6.0,0.0009492317374314715
COG3677,3.0,0.0009429260358914519
COG2214,3.0,0.0009367859187867794
NOG82193,3.0,0.0009298854266734845
NOG46097,5.0,0.0009276132591856557
COG1882,2.0,0.0009241802503754566
COG0448,2.0,0.000921939635271875
COG2315,3.0,0.0009211246757926994
COG1180,4.0,0.0009182141134075799
COG0006,4.0,0.0009063675585409074
COG0437,4.0,0.0009043030634818491
COG0656,7.0,0.0008998762431147743
COG0028,4.0,0.0008968463862547688
NOG04449,3.0,0.0008952713735210953
NOG92240,4.0,0.0008938536370059521
COG1280,4.0,0.0008587595804388119
NOG39676,6.0,0.0008445140683687606
COG0235,5.0,0.0008329519775893854
NOG87168,3.0,0.0008258542176305431
NOG72122,3.0,0.0008198594109703673
COG0824,6.0,0.0007847388640691425
COG0265,3.0,0.0007828453264047372
COG0209,3.0,0.0007769358632846368
COG1454,3.0,0.000771846794994327
COG2011,2.0,0.0007619396075938473
COG3392,3.0,0.0007565045306156899
COG0240,3.0,0.0007539395790595202
COG0304,8.0,0.0007530817584817121
COG0836,2.0,0.0007516643339277145
NOG63642,3.0,0.0007474103434512638
COG1598,3.0,0.0007437727595303423
NOG18475,4.0,0.0007372227859955396
NOG36125,3.0,0.0007247263691661935
COG0765,2.0,0.0007237660351060606
COG3004,3.0,0.0007123777231343648
COG4938,3.0,0.0006847454569363611
COG2723,4.0,0.0006751309354956314
COG0662,3.0,0.0006732960062533873
COG1246,2.0,0.0006589340836258133
COG0548,2.0,0.0006587135170798138
COG1484,5.0,0.0006575499229832601
COG0628,5.0,0.0006530226544465656
COG0557,3.0,0.0006510556337096937
COG0726,3.0,0.000634262600774491
COG0223,5.0,0.0006192965663136156
COG3464,4.0,0.0006187301009060535
COG1106,3.0,0.0006141453164066698
COG0763,3.0,0.0006133640775796955
COG0835,3.0,0.0006131387889781277
COG1519,3.0,0.0006124036128037184
COG0456,3.0,0.0006123622554534617
COG1887,2.0,0.0006068184299904884
COG1137,3.0,0.0006044717366379956
COG0584,6.0,0.000603621394357933
COG1129,3.0,0.0006019006726256512
NOG26289,3.0,0.000601588725754066
COG0243,3.0,0.000601088609651264
NOG38863,3.0,0.0006008411184380673
COG1619,3.0,0.0006005954468906879
COG4723,3.0,0.0005998539380659399
COG0509,3.0,0.0005997440301885894
COG0671,2.0,0.0005996800962384061
NOG221274,3.0,0.0005995277176435819
COG0750,3.0,0.0005994074384349109
NOG01734,3.0,0.000599383456396126
COG3710,2.0,0.0005993657197609615
COG0441,3.0,0.0005993271282203114
NOG112035,3.0,0.0005992388467077443
COG0637,3.0,0.0005992173955045036
COG1450,3.0,0.0005991527504641046
NOG101249,3.0,0.0005990105661118785
NOG48233,3.0,0.0005989971405539073
COG0017,3.0,0.0005989565359973978
NOG122574,3.0,0.0005989295276666889
COG2954,3.0,0.0005989245267556912
COG0668,3.0,0.000598923722506186
COG0591,3.0,0.0005989221540006244
COG1278,3.0,0.0005989147115813221
COG0128,3.0,0.000598911706618228
COG0184,3.0,0.0005989105510225529
COG0706,3.0,0.0005989101312998831
COG1509,3.0,0.0005989067261481172
COG1171,3.0,0.0005989041890683637
COG2262,3.0,0.000598900068891665
COG0074,3.0,0.0005989000220829205
NOG37596,3.0,0.0005988996371594664
COG2267,3.0,0.0005988978597962338
COG1113,2.0,0.0005988965335266263
COG0716,2.0,0.0005988939803487812
COG0573,3.0,0.0005988923736911901
COG0316,1.0,0.0005988919357156601
NOG01306,3.0,0.0005880099862967554
COG1670,4.0,0.0005696564251547118
COG0471,4.0,0.0005583272661704941
COG0617,3.0,0.0005539275613214624
COG1566,5.0,0.0005486644161940384
COG4245,4.0,0.0005482518827543938
COG3378,3.0,0.0005430206992643949
NOG61951,3.0,0.0005417776539473875
COG0347,3.0,0.0005398949728207236
NOG91762,4.0,0.0005397990483906114
COG3179,2.0,0.0005386853535372466
COG0450,4.0,0.0005382763043546051
COG1702,4.0,0.000537406893983578
COG0187,3.0,0.0005372752996148785
COG1070,3.0,0.0005365322199919374
COG0598,3.0,0.0005362557929695745
NOG30614,4.0,0.0005354841493037215
NOG98349,4.0,0.0005354282294766685
COG0440,3.0,0.0005350772377755024
NOG102035,4.0,0.0005349011817111004
NOG44661,4.0,0.000534880548491083
COG0629,4.0,0.0005348327326019746
COG0305,4.0,0.0005347982780087772
COG0737,3.0,0.0005346659576893516
COG0847,2.0,0.0005346563967167353
COG3972,7.0,0.0005289131604230246
COG1409,5.0,0.0005203627902438437
COG1135,3.0,0.0005123044708791935
COG0332,2.0,0.00050687413756527
COG0189,7.0,0.000506657254205057
COG4648,6.0,0.0004881073380243843
COG0740,3.0,0.0004837783637967109
COG3593,5.0,0.0004837581801821018
COG1778,5.0,0.00048339720429089366
COG1974,5.0,0.0004821312402269972
COG2190,2.0,0.0004805023807546053
COG0156,5.0,0.0004790984036106668
COG0327,4.0,0.00047865554512824905
COG0589,3.0,0.0004704965177154479
COG3547,4.0,0.00045858544221719246
COG0295,4.0,0.0004574311292310232
NOG13052,5.0,0.00045601418075611903
NOG72892,4.0,0.00043916516172246646
COG1541,5.0,0.0004345362455336398
COG1609,4.0,0.0004303961906169892
COG2249,5.0,0.00042902068399095384
COG2731,5.0,0.0004241262881027389
COG4261,3.0,0.00041057584598646224
COG2963,4.0,0.00040963088938081435
COG0300,7.0,0.00040211432762971326
COG1312,4.0,0.0003979701227394066
COG1253,3.0,0.0003961244581845814
COG3408,5.0,0.0003842367994486324
COG1760,5.0,0.000345125324606468
COG1309,6.0,0.0003400637282135375
COG1961,7.0,0.00033961731701872557
COG0111,4.0,0.0003392802510332062
COG4248,3.0,0.0003390420114653531
COG3706,5.0,0.0003298385456830151
COG0436,4.0,0.00031889700123858585
COG1136,3.0,0.0003151905592130342
COG0666,4.0,0.00029576815090717745
COG0739,6.0,0.00029504446344516647
COG4122,6.0,0.00029029304847690864
NOG30386,7.0,0.0002837046557863838
COG1209,6.0,0.00027458270819389133
COG0010,5.0,0.00025973660973363223
COG0561,4.0,0.00025656836745511407
NOG03293,4.0,0.0002506981282171501
COG3111,5.0,0.0002455362913779081
COG2985,3.0,0.00023980678105652196
NOG30237,4.0,0.00023942594847470105
COG1289,2.0,0.00023657629626351048
COG0287,2.0,0.00023502931558426162
COG0523,2.0,0.00023500391212750968
COG1640,3.0,0.00023438281517988675
COG4547,1.0,0.00023414694716076049
COG0460,2.0,0.0002340480246620441
COG0127,4.0,0.000233877302440818
COG0042,4.0,0.0002338766332087541
COG3641,4.0,0.00023384759580063875
COG0446,2.0,0.0002338369030613454
COG1310,2.0,0.00023368835683732942
COG0791,2.0,0.00023368835683732942
COG1530,3.0,0.00023368420017186997
COG0329,4.0,0.00023367202257830986
NOG07638,1.0,0.00023366687919308226
COG2186,3.0,0.00023366588474332608
COG1654,2.0,0.00023366300167323065
COG1940,3.0,0.00023366225764072962
NOG40023,4.0,0.0002324753506196329
NOG30573,6.0,0.0002323051682291849
NOG84359,5.0,0.0002306433596687431
NOG101792,7.0,0.00022988435513277412
COG0302,5.0,0.00022721114998324414
COG2207,7.0,0.00022351683487291496
COG1721,5.0,0.0002162239510850583
NOG08583,5.0,0.00021307282494567638
NOG36972,5.0,0.00021069282366197734
COG1982,4.0,0.00021056061689844765
COG0262,5.0,0.0002103672678641564
COG3697,3.0,0.00021018100534879236
COG0860,3.0,0.00021012185956973518
COG0639,5.0,0.00020944486631599532
COG0515,5.0,0.0002094114581423135
COG0527,2.0,0.00020893617359597438
COG2204,6.0,0.0002087970950228112
COG0703,4.0,0.00020869842596119993
COG0063,4.0,0.00019381059346679284
COG0204,6.0,0.00019063481838775285
COG0213,5.0,0.0001888802191672067
NOG62765,6.0,0.00018746282042662597
NOG216112,5.0,0.00018744402317364016
COG0250,5.0,0.00018683752592639692
COG0794,2.0,0.00018621158141147664
COG0845,9.0,0.00017790160711340805
COG0640,6.0,0.00017519816390768893
COG0477,3.0,0.00017130371385901558
COG0451,8.0,0.0001667869458204213
COG0697,5.0,0.00016349697179057578
COG1538,4.0,0.00016234597409235665
COG2184,6.0,0.0001618729146633459
COG2103,6.0,0.00015972600469995514
COG0454,8.0,0.00015653637099945577
COG3152,8.0,0.00015061826649851573
COG3505,7.0,0.00015050328608291763
COG0232,7.0,0.00014939154631341082
COG1131,7.0,0.0001493890244154738
COG1073,8.0,0.00014861430240312786
NOG35591,6.0,0.00014675524725424232
COG0526,6.0,0.00013746165265849446
COG0689,7.0,0.00013207735405655957
COG1061,7.0,0.00013050497185467395
COG5433,6.0,0.00012813775554502589
COG1502,6.0,0.00012735055243688943
COG3955,7.0,0.0001270828481062323
NOG24067,6.0,0.00012704004414733914
COG3727,6.0,0.00012146785864872586
COG1442,7.0,0.00011795110289924594
COG0370,3.0,0.00011385018225912575
COG0340,4.0,0.00011375959133895226
NOG04876,4.0,0.00011370741353985641
COG2273,3.0,0.00011368439838077764
NOG00192,7.0,0.00010782622198544464
NOG32025,5.0,0.00010557246272566873
COG0834,4.0,0.00010379980651364089
COG3950,7.0,9.828764991012942e-05
NOG73262,5.0,9.6626156537671e-05
COG2199,6.0,9.623765053858849e-05
COG0110,14.0,9.51077605585087e-05
COG0281,3.0,9.475071825585751e-05
NOG06855,5.0,9.346066551203048e-05
COG1605,3.0,9.16780955204116e-05
COG0840,3.0,9.165288423855137e-05
COG2951,4.0,9.159099671109343e-05
COG1767,3.0,9.137535687782997e-05
COG0493,4.0,9.131117013440475e-05
COG2131,5.0,9.121292330931177e-05
COG0326,5.0,9.116296262645208e-05
COG1263,2.0,9.11455779367801e-05
COG0823,5.0,9.106238074225495e-05
COG3539,2.0,8.970643141411118e-05
COG0597,6.0,8.62715163558671e-05
COG3550,7.0,8.523404713091731e-05
COG1002,7.0,8.39621205520217e-05
COG0537,6.0,8.27782689725447e-05
COG4804,5.0,8.275327282964273e-05
COG0280,3.0,8.255333704851478e-05
COG3839,5.0,8.148918622781818e-05
COG2076,7.0,7.301390651075444e-05
COG0842,5.0,7.294546450299384e-05
COG0624,5.0,7.288076225375844e-05
COG2189,13.0,7.234214182595887e-05
COG0494,9.0,7.046177995190788e-05
COG0583,5.0,6.860980522043974e-05
COG0330,4.0,6.734838848427397e-05
COG0443,7.0,6.586771808599362e-05
COG1115,7.0,6.524457756469482e-05
COG0433,7.0,6.115254496771042e-05
COG4962,6.0,5.698608823694147e-05
COG2899,9.0,5.667680523934128e-05
COG2182,2.0,5.6216580062542485e-05
NOG43109,6.0,5.3499606596560536e-05
COG0399,8.0,5.163883998194533e-05
COG0745,5.0,5.098470656935777e-05
NOG01922,9.0,4.9664419442027095e-05
COG1373,9.0,4.8222217853063836e-05
COG1080,3.0,4.725528316249538e-05
COG0863,13.0,4.606964010987061e-05
COG1264,4.0,4.551392409202869e-05
COG2771,3.0,4.4314618115583914e-05
COG0861,5.0,4.045536746831334e-05
COG0500,7.0,3.846504064566939e-05
COG4286,7.0,3.831946323447451e-05
COG0338,8.0,3.6078121619320615e-05
COG0564,3.0,3.5663146053083744e-05
COG1388,1.0,3.559458022076922e-05
COG0760,3.0,3.559075655403234e-05
NOG121785,6.0,3.558814816123127e-05
COG1051,5.0,3.555261207656463e-05
COG2715,2.0,3.555062386804548e-05
COG0646,4.0,2.997000668546845e-05
COG1410,4.0,2.997000668546845e-05
COG0790,9.0,2.843685962061511e-05
COG4733,4.0,2.6599168173495163e-05
COG1011,12.0,2.5673591403797855e-05
COG0516,2.0,2.3383901858906703e-05
COG0616,7.0,2.3196861785327896e-05
COG0328,8.0,2.295460482049157e-05
COG3119,9.0,2.1371822949639345e-05
COG1045,9.0,1.936876842092792e-05
COG1704,7.0,1.8896774670456634e-05
COG0545,9.0,1.81624716901206e-05
COG3291,4.0,1.7651341426809674e-05
COG0607,8.0,1.6953945767092353e-05
COG0586,4.0,1.3925119841515612e-05
COG1925,5.0,1.3924881807584005e-05
COG1299,3.0,1.3873323077511246e-05
COG0700,3.0,1.3865576207287217e-05
NOG14719,9.0,1.2904596372720573e-05
COG0457,4.0,1.248098377255011e-05
COG1335,7.0,1.2464035819531004e-05
COG0517,2.0,1.1096043773395553e-05
COG1943,12.0,1.0036891937198797e-05
COG1451,10.0,9.96267979671101e-06
COG1793,8.0,9.721609155444976e-06
NOG00443,8.0,9.378914218090548e-06
COG2274,10.0,8.93081615688872e-06
NOG67360,6.0,8.725760233887651e-06
COG0714,10.0,8.266098504315917e-06
COG1459,10.0,8.132787355326017e-06
COG3551,2.0,5.422788914942869e-06
COG1445,4.0,5.410474005393593e-06
COG5527,11.0,5.2456750542394706e-06
NOG22654,10.0,3.4098546691646386e-06
COG4625,7.0,1.2121703518002733e-06
COG1192,12.0,9.90090342194757e-07
COG0207,12.0,9.858376554644735e-07
COG0582,13.0,9.360606271376172e-07
COG1762,4.0,8.983839711874535e-07
COG1917,12.0,8.317240210551287e-07
COG0438,15.0,7.783996652581861e-07
COG2885,10.0,7.658528632186399e-07
COG0236,10.0,7.270120585554258e-07
COG1028,11.0,5.384320755298731e-07
COG0524,9.0,5.312463734604542e-07
NOG37128,11.0,2.0073712296140918e-07
COG1479,20.0,7.760471556251516e-08
COG0776,10.0,7.414151698370273e-08
COG3210,14.0,6.331171785822232e-08
COG1216,2.0,4.905860413967953e-08
COG0086,15.0,4.1887205472431567e-08
COG2211,9.0,2.110281504128595e-08
COG2865,15.0,1.7767402169867248e-08
COG0841,13.0,1.7188896653965388e-08
COG1344,6.0,1.6692094783487032e-08
COG0286,20.0,8.570952845867781e-09
COG0507,18.0,1.9520402634407385e-09
COG0270,18.0,1.6262612909310427e-09
COG0463,19.0,2.8181668135979824e-10
COG0610,22.0,2.5777903810386285e-10
COG0732,34.0,4.9021655041883815e-12
COG5295,6.0,2.698278511058148e-12
COG3468,15.0,4.026304025806547e-14
COG0749,17.0,1.0518340040322123e-15
COG0258,18.0,4.1023100912435525e-16
COG2931,3.0,1.068746923006844e-19
COG0070,17.0,2.9787010205276536e-29
COG0069,17.0,2.9787010205276536e-29
COG0067,17.0,2.9787010205276536e-29
